Zeitstempel,StationMaxLeistung,Wirkleistung,Energie,SOC1,SOC2
2026-07-15 00:01:00,300000,0,300000,0,5000,0,0,12,0,18
2026-07-15 00:02:00,300000,0,300000,0,10000,0,0,15,0,22
2026-07-15 00:03:00,300000,0,300000,0,15000,0,0,17,0,25
2026-07-15 00:04:00,300000,0,300000,0,20000,0,0,19,0,29
2026-07-15 00:05:00,300000,0,300000,0,25000,0,0,22,0,32
2026-07-15 00:06:00,300000,0,300000,0,30000,0,0,24,0,35
2026-07-15 00:07:00,300000,0,300000,0,35000,0,0,26,0,39
2026-07-15 00:08:00,300000,0,300000,0,40000,0,0,29,0,42
2026-07-15 00:09:00,300000,0,300000,0,45000,0,0,31,0,46
2026-07-15 00:10:00,300000,0,298046,5,49967,4,0,33,0,50
2026-07-15 00:11:00,300000,0,277071,1,54585,3,0,35,0,53
2026-07-15 00:12:00,300000,0,257934,7,58884,2,0,37,0,56
2026-07-15 00:13:00,300000,0,240461,2,62891,9,0,39,0,59
2026-07-15 00:14:00,300000,0,224491,8,66633,4,0,40,0,61
2026-07-15 00:15:00,300000,0,213015,7,70183,7,0,42,0,64
2026-07-15 00:16:00,300000,0,204252,3,73587,9,0,44,0,66
2026-07-15 00:17:00,300000,0,195881,5,76852,6,0,46,0,68
2026-07-15 00:18:00,300000,0,187884,4,79984,0,0,47,0,70
2026-07-15 00:19:00,300000,0,180243,3,82988,0,0,49,0,72
2026-07-15 00:20:00,300000,0,172941,1,85870,4,0,50,0,73
2026-07-15 00:21:00,300000,0,165983,7,88636,8,0,52,0,75
2026-07-15 00:22:00,300000,0,159410,7,91293,6,0,53,0,77
2026-07-15 00:23:00,300000,0,153125,1,93845,7,0,55,0,78
2026-07-15 00:24:00,300000,0,147113,4,96297,6,0,56,0,79
2026-07-15 00:25:00,300000,0,141362,6,98653,7,0,57,0,81
2026-07-15 00:26:00,300000,0,77701,0,99948,7,0,59,0,00
2026-07-15 00:27:00,300000,0,75542,6,101207,7,0,60,0,00
2026-07-15 00:28:00,300000,0,73444,2,102431,8,0,61,0,00
2026-07-15 00:29:00,300000,0,71404,1,103621,9,0,62,0,00
2026-07-15 00:30:00,300000,0,300000,0,108621,9,0,64,0,13
2026-07-15 00:31:00,300000,0,300000,0,113621,9,0,65,0,17
2026-07-15 00:32:00,300000,0,300000,0,118621,9,0,66,0,21
2026-07-15 00:33:00,300000,0,300000,0,123621,9,0,67,0,25
2026-07-15 00:34:00,300000,0,300000,0,128621,9,0,68,0,30
2026-07-15 00:35:00,300000,0,300000,0,133621,9,0,69,0,34
2026-07-15 00:36:00,300000,0,300000,0,138621,9,0,70,0,38
2026-07-15 00:37:00,300000,0,300000,0,143621,9,0,71,0,43
2026-07-15 00:38:00,300000,0,300000,0,148621,9,0,72,0,47
2026-07-15 00:39:00,300000,0,300000,0,153621,9,0,73,0,51
2026-07-15 00:40:00,300000,0,291928,9,158487,3,0,73,0,56
2026-07-15 00:41:00,300000,0,269711,4,162982,5,0,74,0,59
2026-07-15 00:42:00,300000,0,249333,8,167138,1,0,75,0,63
2026-07-15 00:43:00,300000,0,230639,2,170982,1,0,76,0,66
2026-07-15 00:44:00,300000,0,213483,8,174540,1,0,77,0,69
2026-07-15 00:45:00,300000,0,197736,6,177835,7,0,77,0,72
2026-07-15 00:46:00,300000,0,183277,7,180890,4,0,78,0,74
2026-07-15 00:47:00,300000,0,169997,6,183723,7,0,79,0,77
2026-07-15 00:48:00,300000,0,41808,9,184420,5,0,80,0,77
2026-07-15 00:49:00,300000,0,40647,5,185097,9,0,80,0,77
2026-07-15 00:50:00,300000,0,0,0,185097,9,0,80,0,77
2026-07-15 00:51:00,300000,0,0,0,185097,9,0,80,0,77
2026-07-15 00:52:00,300000,0,0,0,185097,9,0,80,0,77
2026-07-15 00:53:00,300000,0,0,0,185097,9,0,80,0,77
2026-07-15 00:54:00,300000,0,0,0,185097,9,0,80,0,77
2026-07-15 00:55:00,300000,0,0,0,185097,9,0,80,0,77
2026-07-15 00:56:00,300000,0,0,0,185097,9,0,80,0,77
2026-07-15 00:57:00,300000,0,0,0,185097,9,0,80,0,77
2026-07-15 00:58:00,300000,0,0,0,185097,9,0,80,0,77
2026-07-15 00:59:00,300000,0,0,0,185097,9,0,80,0,77
2026-07-15 01:00:00,300000,0,0,0,185097,9,0,80,0,77
2026-07-15 01:01:00,300000,0,0,0,185097,9,0,80,0,77
2026-07-15 01:02:00,300000,0,0,0,185097,9,0,80,0,77
2026-07-15 01:03:00,300000,0,0,0,185097,9,0,80,0,77
2026-07-15 01:04:00,300000,0,0,0,185097,9,0,00,0,77
2026-07-15 01:05:00,300000,0,0,0,185097,9,0,00,0,77
2026-07-15 01:06:00,300000,0,0,0,185097,9,0,00,0,77
2026-07-15 01:07:00,300000,0,0,0,185097,9,0,00,0,77
2026-07-15 01:08:00,300000,0,0,0,185097,9,0,00,0,77
2026-07-15 01:09:00,300000,0,0,0,185097,9,0,00,0,77
2026-07-15 01:10:00,300000,0,0,0,185097,9,0,00,0,77
2026-07-15 01:11:00,300000,0,0,0,185097,9,0,00,0,77
2026-07-15 01:12:00,300000,0,250000,0,189264,6,0,14,0,77
2026-07-15 01:13:00,300000,0,250000,0,193431,3,0,19,0,77
2026-07-15 01:14:00,300000,0,250000,0,197597,9,0,24,0,77
2026-07-15 01:15:00,300000,0,250000,0,201764,6,0,30,0,77
2026-07-15 01:16:00,300000,0,250000,0,205931,3,0,35,0,77
2026-07-15 01:17:00,300000,0,227178,0,209717,6,0,40,0,77
2026-07-15 01:18:00,300000,0,204525,0,213126,3,0,44,0,77
2026-07-15 01:19:00,300000,0,184130,7,216195,2,0,48,0,77
2026-07-15 01:20:00,300000,0,165770,1,218958,0,0,52,0,77
2026-07-15 01:21:00,300000,0,149240,3,221445,3,0,55,0,77
2026-07-15 01:22:00,300000,0,134358,8,223684,7,0,58,0,77
2026-07-15 01:23:00,300000,0,120961,2,225700,7,0,60,0,77
2026-07-15 01:24:00,300000,0,109410,5,227524,2,0,63,0,00
2026-07-15 01:25:00,300000,0,103565,9,229250,3,0,65,0,00
2026-07-15 01:26:00,300000,0,98033,5,230884,2,0,67,0,00
2026-07-15 01:27:00,300000,0,92796,7,232430,8,0,69,0,00
2026-07-15 01:28:00,300000,0,87839,6,233894,8,0,71,0,00
2026-07-15 01:29:00,300000,0,83147,3,235280,6,0,73,0,00
2026-07-15 01:30:00,300000,0,78705,7,236592,3,0,74,0,00
2026-07-15 01:31:00,300000,0,74501,3,237834,0,0,76,0,00
2026-07-15 01:32:00,300000,0,250000,0,242000,7,0,76,0,20
2026-07-15 01:33:00,300000,0,250000,0,246167,4,0,76,0,26
2026-07-15 01:34:00,300000,0,250000,0,250334,0,0,00,0,31
2026-07-15 01:35:00,300000,0,300000,0,255334,0,0,21,0,34
2026-07-15 01:36:00,300000,0,300000,0,260334,0,0,23,0,38
2026-07-15 01:37:00,300000,0,300000,0,265334,0,0,25,0,41
2026-07-15 01:38:00,300000,0,300000,0,270334,0,0,28,0,45
2026-07-15 01:39:00,300000,0,300000,0,275334,0,0,30,0,49
2026-07-15 01:40:00,300000,0,288623,1,280144,4,0,32,0,52
2026-07-15 01:41:00,300000,0,268705,5,284622,8,0,34,0,55
2026-07-15 01:42:00,300000,0,250518,0,288798,1,0,36,0,58
2026-07-15 01:43:00,300000,0,233895,4,292696,4,0,38,0,61
2026-07-15 01:44:00,300000,0,219894,3,296361,3,0,40,0,63
2026-07-15 01:45:00,300000,0,210877,6,299875,9,0,41,0,65
2026-07-15 01:46:00,300000,0,104948,3,301625,1,0,43,0,65
2026-07-15 01:47:00,300000,0,101916,4,303323,7,0,45,0,65
2026-07-15 01:48:00,300000,0,98972,2,304973,2,0,46,0,65
2026-07-15 01:49:00,300000,0,96113,0,306575,1,0,48,0,65
2026-07-15 01:50:00,300000,0,93336,4,308130,7,0,50,0,65
2026-07-15 01:51:00,300000,0,90640,0,309641,4,0,51,0,65
2026-07-15 01:52:00,300000,0,88097,6,311109,6,0,53,0,65
2026-07-15 01:53:00,300000,0,85650,4,312537,2,0,54,0,65
2026-07-15 01:54:00,300000,0,83271,3,313925,0,0,55,0,65
2026-07-15 01:55:00,300000,0,0,0,313925,0,0,55,0,65
2026-07-15 01:56:00,300000,0,0,0,313925,0,0,55,0,00
2026-07-15 01:57:00,300000,0,0,0,313925,0,0,55,0,00
2026-07-15 01:58:00,300000,0,0,0,313925,0,0,55,0,00
2026-07-15 01:59:00,300000,0,0,0,313925,0,0,55,0,00
2026-07-15 02:00:00,300000,0,0,0,313925,0,0,55,0,00
2026-07-15 02:01:00,300000,0,0,0,313925,0,0,55,0,00
2026-07-15 02:02:00,300000,0,250000,0,318091,7,0,55,0,24
2026-07-15 02:03:00,300000,0,250000,0,322258,3,0,55,0,29
2026-07-15 02:04:00,300000,0,250000,0,326425,0,0,55,0,34
2026-07-15 02:05:00,300000,0,229925,9,330257,1,0,55,0,39
2026-07-15 02:06:00,300000,0,206998,9,333707,1,0,55,0,44
2026-07-15 02:07:00,300000,0,186357,9,336813,1,0,55,0,48
2026-07-15 02:08:00,300000,0,167775,2,339609,3,0,55,0,51
2026-07-15 02:09:00,300000,0,151045,5,342126,7,0,00,0,54
2026-07-15 02:10:00,300000,0,135984,0,344393,1,0,00,0,57
2026-07-15 02:11:00,300000,0,122424,3,346433,5,0,00,0,60
2026-07-15 02:12:00,300000,0,110216,8,348270,5,0,00,0,62
2026-07-15 02:13:00,300000,0,104228,5,350007,6,0,00,0,65
2026-07-15 02:14:00,300000,0,98660,7,351652,0,0,00,0,67
2026-07-15 02:15:00,300000,0,93390,4,353208,5,0,00,0,69
2026-07-15 02:16:00,300000,0,88401,6,354681,8,0,00,0,71
2026-07-15 02:17:00,300000,0,83679,3,356076,5,0,00,0,72
2026-07-15 02:18:00,300000,0,79209,2,357396,6,0,00,0,74
2026-07-15 02:19:00,300000,0,74978,0,358646,3,0,00,0,76
2026-07-15 02:20:00,300000,0,300000,0,363646,3,0,20,0,77
2026-07-15 02:21:00,300000,0,300000,0,368646,3,0,24,0,79
2026-07-15 02:22:00,300000,0,300000,0,373646,3,0,28,0,80
2026-07-15 02:23:00,300000,0,300000,0,378646,3,0,32,0,81
2026-07-15 02:24:00,300000,0,270000,0,383146,3,0,37,0,81
2026-07-15 02:25:00,300000,0,270000,0,387646,3,0,42,0,00
2026-07-15 02:26:00,300000,0,300000,0,392646,3,0,45,0,19
2026-07-15 02:27:00,300000,0,300000,0,397646,3,0,47,0,22
2026-07-15 02:28:00,300000,0,300000,0,402646,3,0,50,0,25
2026-07-15 02:29:00,300000,0,300000,0,407646,3,0,53,0,27
2026-07-15 02:30:00,300000,0,300000,0,412646,3,0,55,0,30
2026-07-15 02:31:00,300000,0,300000,0,417646,3,0,58,0,33
2026-07-15 02:32:00,300000,0,300000,0,422646,3,0,61,0,35
2026-07-15 02:33:00,300000,0,300000,0,427646,3,0,63,0,38
2026-07-15 02:34:00,300000,0,300000,0,432646,3,0,66,0,41
2026-07-15 02:35:00,300000,0,300000,0,437646,3,0,69,0,43
2026-07-15 02:36:00,300000,0,300000,0,442646,3,0,71,0,46
2026-07-15 02:37:00,300000,0,300000,0,447646,3,0,74,0,49
2026-07-15 02:38:00,300000,0,300000,0,452646,3,0,76,0,52
2026-07-15 02:39:00,300000,0,300000,0,457646,3,0,78,0,55
2026-07-15 02:40:00,300000,0,300000,0,462646,3,0,80,0,59
2026-07-15 02:41:00,300000,0,300000,0,467646,3,0,82,0,62
2026-07-15 02:42:00,300000,0,279935,5,472311,9,0,84,0,65
2026-07-15 02:43:00,300000,0,257926,1,476610,6,0,85,0,68
2026-07-15 02:44:00,300000,0,237683,6,480572,0,0,87,0,71
2026-07-15 02:45:00,300000,0,76680,6,481850,0,0,88,0,71
2026-07-15 02:46:00,300000,0,71891,5,483048,2,0,89,0,71
2026-07-15 02:47:00,300000,0,67401,5,484171,6,0,91,0,71
2026-07-15 02:48:00,300000,0,0,0,484171,6,0,91,0,00
2026-07-15 02:49:00,300000,0,0,0,484171,6,0,91,0,00
2026-07-15 02:50:00,300000,0,0,0,484171,6,0,91,0,00
2026-07-15 02:51:00,300000,0,0,0,484171,6,0,91,0,00
2026-07-15 02:52:00,300000,0,0,0,484171,6,0,91,0,00
2026-07-15 02:53:00,300000,0,0,0,484171,6,0,91,0,00
2026-07-15 02:54:00,300000,0,0,0,484171,6,0,91,0,00
2026-07-15 02:55:00,300000,0,0,0,484171,6,0,91,0,00
2026-07-15 02:56:00,300000,0,0,0,484171,6,0,91,0,00
2026-07-15 02:57:00,300000,0,0,0,484171,6,0,91,0,00
2026-07-15 02:58:00,300000,0,0,0,484171,6,0,91,0,00
2026-07-15 02:59:00,300000,0,0,0,484171,6,0,91,0,00
2026-07-15 03:00:00,300000,0,0,0,484171,6,0,00,0,00
2026-07-15 03:01:00,300000,0,0,0,484171,6,0,00,0,00
2026-07-15 03:02:00,300000,0,0,0,484171,6,0,00,0,00
2026-07-15 03:03:00,300000,0,142000,0,486538,3,0,00,0,20
2026-07-15 03:04:00,300000,0,300000,0,491538,3,0,09,0,22
2026-07-15 03:05:00,300000,0,300000,0,496538,3,0,12,0,24
2026-07-15 03:06:00,300000,0,300000,0,501538,3,0,16,0,27
2026-07-15 03:07:00,300000,0,300000,0,506538,3,0,19,0,29
2026-07-15 03:08:00,300000,0,300000,0,511538,3,0,23,0,31
2026-07-15 03:09:00,300000,0,300000,0,516538,3,0,27,0,33
2026-07-15 03:10:00,300000,0,300000,0,521538,3,0,31,0,35
2026-07-15 03:11:00,300000,0,300000,0,526538,3,0,35,0,37
2026-07-15 03:12:00,300000,0,300000,0,531538,3,0,39,0,39
2026-07-15 03:13:00,300000,0,300000,0,536538,3,0,43,0,41
2026-07-15 03:14:00,300000,0,296584,3,541481,3,0,47,0,42
2026-07-15 03:15:00,300000,0,274540,3,546057,0,0,51,0,44
2026-07-15 03:16:00,300000,0,254476,9,550298,3,0,54,0,46
2026-07-15 03:17:00,300000,0,236202,8,554235,0,0,57,0,47
2026-07-15 03:18:00,300000,0,219545,9,557894,1,0,59,0,49
2026-07-15 03:19:00,300000,0,204350,6,561299,9,0,62,0,50
2026-07-15 03:20:00,300000,0,194544,3,564542,3,0,64,0,52
2026-07-15 03:21:00,300000,0,186439,2,567649,7,0,66,0,53
2026-07-15 03:22:00,300000,0,178703,5,570628,1,0,68,0,55
2026-07-15 03:23:00,300000,0,171319,2,573483,4,0,70,0,56
2026-07-15 03:24:00,300000,0,164269,4,576221,2,0,72,0,58
2026-07-15 03:25:00,300000,0,157537,8,578846,8,0,74,0,59
2026-07-15 03:26:00,300000,0,151109,0,581365,3,0,75,0,60
2026-07-15 03:27:00,300000,0,71732,3,582560,9,0,77,0,60
2026-07-15 03:28:00,300000,0,67900,5,583692,5,0,78,0,60
2026-07-15 03:29:00,300000,0,64273,3,584763,7,0,80,0,60
2026-07-15 03:30:00,300000,0,60839,9,585777,7,0,81,0,60
2026-07-15 03:31:00,300000,0,58071,9,586745,6,0,82,0,60
2026-07-15 03:32:00,300000,0,55590,2,587672,1,0,83,0,60
2026-07-15 03:33:00,300000,0,53214,6,588559,0,0,85,0,60
2026-07-15 03:34:00,300000,0,50940,4,589408,0,0,86,0,60
2026-07-15 03:35:00,300000,0,0,0,589408,0,0,86,0,60
2026-07-15 03:36:00,300000,0,0,0,589408,0,0,86,0,60
2026-07-15 03:37:00,300000,0,0,0,589408,0,0,86,0,60
2026-07-15 03:38:00,300000,0,0,0,589408,0,0,86,0,00
2026-07-15 03:39:00,300000,0,142000,0,591774,7,0,86,0,18
2026-07-15 03:40:00,300000,0,142000,0,594141,4,0,86,0,20
2026-07-15 03:41:00,300000,0,141398,9,596498,0,0,86,0,23
2026-07-15 03:42:00,300000,0,137314,0,598786,6,0,86,0,25
2026-07-15 03:43:00,300000,0,133347,2,601009,0,0,86,0,27
2026-07-15 03:44:00,300000,0,129494,9,603167,3,0,86,0,29
2026-07-15 03:45:00,300000,0,125754,0,605263,2,0,86,0,31
2026-07-15 03:46:00,300000,0,122121,1,607298,5,0,86,0,34
2026-07-15 03:47:00,300000,0,118593,1,609275,1,0,86,0,35
2026-07-15 03:48:00,300000,0,115167,1,611194,5,0,86,0,37
2026-07-15 03:49:00,300000,0,111840,1,613058,5,0,86,0,39
2026-07-15 03:50:00,300000,0,108609,1,614868,7,0,00,0,41
2026-07-15 03:51:00,300000,0,105471,5,616626,5,0,00,0,43
2026-07-15 03:52:00,300000,0,102424,6,618333,6,0,00,0,45
2026-07-15 03:53:00,300000,0,99465,6,619991,4,0,00,0,46
2026-07-15 03:54:00,300000,0,96592,2,621601,3,0,00,0,48
2026-07-15 03:55:00,300000,0,93801,8,623164,6,0,00,0,49
2026-07-15 03:56:00,300000,0,91091,9,624682,8,0,00,0,51
2026-07-15 03:57:00,300000,0,88519,6,626158,1,0,00,0,52
2026-07-15 03:58:00,300000,0,86060,7,627592,5,0,00,0,54
2026-07-15 03:59:00,300000,0,83670,1,628987,0,0,00,0,55
2026-07-15 04:00:00,300000,0,81346,0,630342,8,0,00,0,57
2026-07-15 04:01:00,300000,0,79086,4,631660,9,0,00,0,58
2026-07-15 04:02:00,300000,0,76889,5,632942,4,0,00,0,59
2026-07-15 04:03:00,300000,0,74753,7,634188,3,0,00,0,60
2026-07-15 04:04:00,300000,0,72677,2,635399,5,0,00,0,62
2026-07-15 04:05:00,300000,0,70658,4,636577,2,0,00,0,63
2026-07-15 04:06:00,300000,0,68695,7,637722,1,0,00,0,64
2026-07-15 04:07:00,300000,0,201787,4,641085,2,0,10,0,65
2026-07-15 04:08:00,300000,0,199932,2,644417,4,0,13,0,66
2026-07-15 04:09:00,300000,0,198128,6,647719,6,0,16,0,67
2026-07-15 04:10:00,300000,0,196375,0,650992,5,0,18,0,68
2026-07-15 04:11:00,300000,0,194670,1,654237,0,0,21,0,69
2026-07-15 04:12:00,300000,0,193012,6,657453,9,0,24,0,70
2026-07-15 04:13:00,300000,0,191401,2,660643,9,0,27,0,71
2026-07-15 04:14:00,300000,0,189834,5,663807,8,0,30,0,72
2026-07-15 04:15:00,300000,0,188012,4,666941,3,0,33,0,73
2026-07-15 04:16:00,300000,0,181429,3,669965,2,0,36,0,74
2026-07-15 04:17:00,300000,0,175080,5,672883,2,0,39,0,75
2026-07-15 04:18:00,300000,0,168957,6,675699,1,0,41,0,75
2026-07-15 04:19:00,300000,0,163052,6,678416,7,0,44,0,76
2026-07-15 04:20:00,300000,0,157357,5,681039,3,0,46,0,77
2026-07-15 04:21:00,300000,0,151864,7,683570,4,0,48,0,78
2026-07-15 04:22:00,300000,0,146567,0,686013,2,0,51,0,78
2026-07-15 04:23:00,300000,0,141457,3,688370,8,0,53,0,79
2026-07-15 04:24:00,300000,0,136529,0,690646,3,0,55,0,80
2026-07-15 04:25:00,300000,0,131775,3,692842,5,0,57,0,81
2026-07-15 04:26:00,300000,0,127279,5,694963,8,0,59,0,81
2026-07-15 04:27:00,300000,0,122963,1,697013,2,0,61,0,82
2026-07-15 04:28:00,300000,0,37259,9,697634,2,0,61,0,82
2026-07-15 04:29:00,300000,0,36328,4,698239,7,0,00,0,83
2026-07-15 04:30:00,300000,0,35420,2,698830,0,0,00,0,84
2026-07-15 04:31:00,300000,0,34534,7,699405,6,0,00,0,84
2026-07-15 04:32:00,300000,0,175671,3,702333,5,0,12,0,85
2026-07-15 04:33:00,300000,0,174829,5,705247,3,0,14,0,85
2026-07-15 04:34:00,300000,0,174008,8,708147,4,0,17,0,86
2026-07-15 04:35:00,300000,0,173208,6,711034,3,0,19,0,86
2026-07-15 04:36:00,300000,0,172428,3,713908,1,0,22,0,87
2026-07-15 04:37:00,300000,0,168966,2,716724,2,0,24,0,87
2026-07-15 04:38:00,300000,0,164200,3,719460,8,0,26,0,88
2026-07-15 04:39:00,300000,0,159569,3,722120,3,0,28,0,88
2026-07-15 04:40:00,300000,0,155069,2,724704,8,0,30,0,89
2026-07-15 04:41:00,300000,0,150696,3,727216,4,0,33,0,89
2026-07-15 04:42:00,300000,0,146447,1,729657,2,0,35,0,90
2026-07-15 04:43:00,300000,0,142318,1,732029,2,0,36,0,90
2026-07-15 04:44:00,300000,0,138305,8,734334,3,0,38,0,91
2026-07-15 04:45:00,300000,0,134406,9,736574,4,0,40,0,91
2026-07-15 04:46:00,300000,0,130618,3,738751,3,0,42,0,91
2026-07-15 04:47:00,300000,0,126936,7,740867,0,0,44,0,92
2026-07-15 04:48:00,300000,0,123359,2,742922,9,0,45,0,92
2026-07-15 04:49:00,300000,0,119882,9,744921,0,0,47,0,92
2026-07-15 04:50:00,300000,0,116504,7,746862,7,0,49,0,93
2026-07-15 04:51:00,300000,0,113222,0,748749,8,0,50,0,93
2026-07-15 04:52:00,300000,0,110042,2,750583,8,0,52,0,93
2026-07-15 04:53:00,300000,0,107041,8,752367,8,0,53,0,94
2026-07-15 04:54:00,300000,0,104123,4,754103,2,0,55,0,94
2026-07-15 04:55:00,300000,0,101284,7,755791,3,0,56,0,94
2026-07-15 04:56:00,300000,0,98523,4,757433,4,0,57,0,95
2026-07-15 04:57:00,300000,0,95837,6,759030,7,0,59,0,95
2026-07-15 04:58:00,300000,0,75791,8,760293,9,0,60,0,95
2026-07-15 04:59:00,300000,0,73686,5,761522,0,0,61,0,95
2026-07-15 05:00:00,300000,0,71639,6,762716,0,0,62,0,95
2026-07-15 05:01:00,300000,0,69649,7,763876,8,0,63,0,95
2026-07-15 05:02:00,300000,0,67714,9,765005,4,0,64,0,95
2026-07-15 05:03:00,300000,0,65834,0,766102,6,0,66,0,95
2026-07-15 05:04:00,300000,0,64005,3,767169,4,0,67,0,95
2026-07-15 05:05:00,300000,0,62227,3,768206,5,0,68,0,95
2026-07-15 05:06:00,300000,0,60498,8,769214,8,0,69,0,95
2026-07-15 05:07:00,300000,0,58818,3,770195,1,0,70,0,95
2026-07-15 05:08:00,300000,0,57184,4,771148,2,0,71,0,95
2026-07-15 05:09:00,300000,0,55596,0,772074,8,0,72,0,95
2026-07-15 05:10:00,300000,0,54051,6,772975,6,0,72,0,95
2026-07-15 05:11:00,300000,0,52550,2,773851,5,0,73,0,95
2026-07-15 05:12:00,300000,0,51090,5,774703,0,0,74,0,95
2026-07-15 05:13:00,300000,0,49671,3,775530,8,0,75,0,95
2026-07-15 05:14:00,300000,0,0,0,775530,8,0,75,0,95
2026-07-15 05:15:00,300000,0,0,0,775530,8,0,75,0,95
2026-07-15 05:16:00,300000,0,0,0,775530,8,0,75,0,00
2026-07-15 05:17:00,300000,0,0,0,775530,8,0,00,0,00
2026-07-15 05:18:00,300000,0,270000,0,780030,8,0,00,0,19
2026-07-15 05:19:00,300000,0,270000,0,784530,8,0,00,0,24
2026-07-15 05:20:00,300000,0,300000,0,789530,8,0,21,0,26
2026-07-15 05:21:00,300000,0,300000,0,794530,8,0,24,0,29
2026-07-15 05:22:00,300000,0,300000,0,799530,8,0,27,0,32
2026-07-15 05:23:00,300000,0,300000,0,804530,8,0,29,0,34
2026-07-15 05:24:00,300000,0,300000,0,809530,8,0,32,0,37
2026-07-15 05:25:00,300000,0,300000,0,814530,8,0,35,0,40
2026-07-15 05:26:00,300000,0,300000,0,819530,8,0,37,0,42
2026-07-15 05:27:00,300000,0,300000,0,824530,8,0,40,0,45
2026-07-15 05:28:00,300000,0,300000,0,829530,8,0,43,0,48
2026-07-15 05:29:00,300000,0,300000,0,834530,8,0,45,0,50
2026-07-15 05:30:00,300000,0,300000,0,839530,8,0,48,0,53
2026-07-15 05:31:00,300000,0,300000,0,844530,8,0,51,0,56
2026-07-15 05:32:00,300000,0,300000,0,849530,8,0,53,0,58
2026-07-15 05:33:00,300000,0,300000,0,854530,8,0,56,0,61
2026-07-15 05:34:00,300000,0,300000,0,859530,8,0,59,0,64
2026-07-15 05:35:00,300000,0,300000,0,864530,8,0,61,0,66
2026-07-15 05:36:00,300000,0,300000,0,869530,8,0,64,0,69
2026-07-15 05:37:00,300000,0,300000,0,874530,8,0,67,0,72
2026-07-15 05:38:00,300000,0,300000,0,879530,8,0,70,0,74
2026-07-15 05:39:00,300000,0,277653,3,884158,4,0,72,0,77
2026-07-15 05:40:00,300000,0,137086,3,886443,2,0,75,0,77
2026-07-15 05:41:00,300000,0,125204,6,888529,9,0,77,0,77
2026-07-15 05:42:00,300000,0,114352,8,890435,8,0,79,0,77
2026-07-15 05:43:00,300000,0,104441,5,892176,5,0,81,0,77
2026-07-15 05:44:00,300000,0,0,0,892176,5,0,81,0,77
2026-07-15 05:45:00,300000,0,0,0,892176,5,0,81,0,77
2026-07-15 05:46:00,300000,0,0,0,892176,5,0,81,0,77
2026-07-15 05:47:00,300000,0,0,0,892176,5,0,81,0,77
2026-07-15 05:48:00,300000,0,0,0,892176,5,0,81,0,77
2026-07-15 05:49:00,300000,0,0,0,892176,5,0,81,0,77
2026-07-15 05:50:00,300000,0,0,0,892176,5,0,81,0,77
2026-07-15 05:51:00,300000,0,0,0,892176,5,0,81,0,00
2026-07-15 05:52:00,300000,0,0,0,892176,5,0,81,0,00
2026-07-15 05:53:00,300000,0,0,0,892176,5,0,81,0,00
2026-07-15 05:54:00,300000,0,0,0,892176,5,0,81,0,00
2026-07-15 05:55:00,300000,0,0,0,892176,5,0,81,0,00
2026-07-15 05:56:00,300000,0,135000,0,894426,5,0,81,0,19
2026-07-15 05:57:00,300000,0,135000,0,896676,5,0,81,0,22
2026-07-15 05:58:00,300000,0,135000,0,898926,5,0,81,0,24
2026-07-15 05:59:00,300000,0,135000,0,901176,5,0,81,0,27
2026-07-15 06:00:00,300000,0,135000,0,903426,5,0,81,0,30
2026-07-15 06:01:00,300000,0,134504,8,905668,2,0,81,0,33
2026-07-15 06:02:00,300000,0,129409,9,907825,0,0,81,0,36
2026-07-15 06:03:00,300000,0,124508,0,909900,2,0,81,0,39
2026-07-15 06:04:00,300000,0,119791,8,911896,7,0,81,0,41
2026-07-15 06:05:00,300000,0,115254,2,913817,6,0,81,0,44
2026-07-15 06:06:00,300000,0,110888,5,915665,8,0,81,0,46
2026-07-15 06:07:00,300000,0,106688,2,917443,9,0,00,0,48
2026-07-15 06:08:00,300000,0,102647,0,919154,7,0,00,0,51
2026-07-15 06:09:00,300000,0,98758,9,920800,7,0,00,0,53
2026-07-15 06:10:00,300000,0,95018,0,922384,3,0,00,0,55
2026-07-15 06:11:00,300000,0,91418,8,923907,9,0,00,0,57
2026-07-15 06:12:00,300000,0,0,0,923907,9,0,00,0,00
2026-07-15 06:13:00,300000,0,0,0,923907,9,0,00,0,00
2026-07-15 06:14:00,300000,0,284000,0,928641,3,0,14,0,09
2026-07-15 06:15:00,300000,0,284000,0,933374,6,0,16,0,11
2026-07-15 06:16:00,300000,0,284000,0,938107,9,0,19,0,14
2026-07-15 06:17:00,300000,0,284000,0,942841,3,0,21,0,16
2026-07-15 06:18:00,300000,0,282279,3,947545,9,0,23,0,18
2026-07-15 06:19:00,300000,0,278226,8,952183,0,0,26,0,21
2026-07-15 06:20:00,300000,0,273182,5,956736,1,0,28,0,23
2026-07-15 06:21:00,300000,0,265290,6,961157,6,0,30,0,25
2026-07-15 06:22:00,300000,0,257626,6,965451,4,0,32,0,27
2026-07-15 06:23:00,300000,0,250184,1,969621,1,0,34,0,30
2026-07-15 06:24:00,300000,0,242956,5,973670,4,0,36,0,32
2026-07-15 06:25:00,300000,0,235937,8,977602,7,0,38,0,34
2026-07-15 06:26:00,300000,0,229121,8,981421,4,0,40,0,36
2026-07-15 06:27:00,300000,0,222502,7,985129,8,0,42,0,38
2026-07-15 06:28:00,300000,0,216074,9,988731,0,0,43,0,39
2026-07-15 06:29:00,300000,0,209832,7,992228,2,0,45,0,41
2026-07-15 06:30:00,300000,0,203770,9,995624,4,0,47,0,43
2026-07-15 06:31:00,300000,0,197884,2,998922,5,0,48,0,45
2026-07-15 06:32:00,300000,0,192167,5,1002125,3,0,50,0,46
2026-07-15 06:33:00,300000,0,186616,0,1005235,5,0,51,0,48
2026-07-15 06:34:00,300000,0,181311,0,1008257,4,0,53,0,50
2026-07-15 06:35:00,300000,0,176170,8,1011193,6,0,54,0,51
2026-07-15 06:36:00,300000,0,171247,7,1014047,7,0,56,0,53
2026-07-15 06:37:00,300000,0,166490,8,1016822,5,0,57,0,54
2026-07-15 06:38:00,300000,0,161866,1,1019520,3,0,58,0,55
2026-07-15 06:39:00,300000,0,157369,8,1022143,1,0,59,0,57
2026-07-15 06:40:00,300000,0,152998,4,1024693,1,0,61,0,58
2026-07-15 06:41:00,300000,0,148748,5,1027172,2,0,62,0,59
2026-07-15 06:42:00,300000,0,144616,6,1029582,5,0,63,0,61
2026-07-15 06:43:00,300000,0,140599,4,1031925,8,0,64,0,62
2026-07-15 06:44:00,300000,0,136693,9,1034204,1,0,65,0,63
2026-07-15 06:45:00,300000,0,132896,8,1036419,0,0,66,0,64
2026-07-15 06:46:00,300000,0,129205,3,1038572,4,0,67,0,65
2026-07-15 06:47:00,300000,0,125616,2,1040666,0,0,68,0,66
2026-07-15 06:48:00,300000,0,122126,9,1042701,5,0,69,0,67
2026-07-15 06:49:00,300000,0,118734,5,1044680,4,0,70,0,68
2026-07-15 06:50:00,300000,0,115436,3,1046604,3,0,71,0,69
2026-07-15 06:51:00,300000,0,112229,7,1048474,8,0,72,0,70
2026-07-15 06:52:00,300000,0,109112,2,1050293,4,0,73,0,71
2026-07-15 06:53:00,300000,0,106081,3,1052061,4,0,74,0,72
2026-07-15 06:54:00,300000,0,103134,6,1053780,3,0,75,0,73
2026-07-15 06:55:00,300000,0,100269,8,1055451,5,0,76,0,74
2026-07-15 06:56:00,300000,0,97484,5,1057076,2,0,76,0,75
2026-07-15 06:57:00,300000,0,94776,6,1058655,8,0,77,0,76
2026-07-15 06:58:00,300000,0,92143,9,1060191,6,0,78,0,76
2026-07-15 06:59:00,300000,0,89584,4,1061684,6,0,79,0,77
2026-07-15 07:00:00,300000,0,87095,9,1063136,2,0,79,0,78
2026-07-15 07:01:00,300000,0,84676,6,1064547,5,0,80,0,79
2026-07-15 07:02:00,300000,0,42407,5,1065254,3,0,80,0,79
2026-07-15 07:03:00,300000,0,41229,5,1065941,5,0,00,0,80
2026-07-15 07:04:00,300000,0,40084,2,1066609,5,0,00,0,81
2026-07-15 07:05:00,300000,0,300000,0,1071609,5,0,17,0,81
2026-07-15 07:06:00,300000,0,300000,0,1076609,5,0,22,0,82
2026-07-15 07:07:00,300000,0,300000,0,1081609,5,0,26,0,83
2026-07-15 07:08:00,300000,0,300000,0,1086609,5,0,31,0,83
2026-07-15 07:09:00,300000,0,300000,0,1091609,5,0,36,0,84
2026-07-15 07:10:00,300000,0,300000,0,1096609,5,0,40,0,84
2026-07-15 07:11:00,300000,0,300000,0,1101609,5,0,45,0,85
2026-07-15 07:12:00,300000,0,300000,0,1106609,5,0,50,0,85
2026-07-15 07:13:00,300000,0,277713,4,1111238,1,0,54,0,86
2026-07-15 07:14:00,300000,0,255611,1,1115498,3,0,58,0,86
2026-07-15 07:15:00,300000,0,235375,4,1119421,2,0,62,0,87
2026-07-15 07:16:00,300000,0,216845,5,1123035,3,0,65,0,87
2026-07-15 07:17:00,300000,0,199874,9,1126366,5,0,68,0,88
2026-07-15 07:18:00,300000,0,184329,6,1129438,7,0,71,0,88
2026-07-15 07:19:00,300000,0,170087,2,1132273,5,0,74,0,89
2026-07-15 07:20:00,300000,0,157035,9,1134890,7,0,76,0,89
2026-07-15 07:21:00,300000,0,26059,0,1135325,1,0,00,0,90
2026-07-15 07:22:00,300000,0,25407,6,1135748,5,0,00,0,90
2026-07-15 07:23:00,300000,0,24772,4,1136161,4,0,00,0,91
2026-07-15 07:24:00,300000,0,294153,1,1141063,9,0,13,0,91
2026-07-15 07:25:00,300000,0,293549,2,1145956,4,0,17,0,91
2026-07-15 07:26:00,300000,0,292960,5,1150839,1,0,22,0,92
2026-07-15 07:27:00,300000,0,292386,5,1155712,2,0,27,0,92
2026-07-15 07:28:00,300000,0,291826,8,1160576,0,0,32,0,92
2026-07-15 07:29:00,300000,0,291281,2,1165430,7,0,37,0,93
2026-07-15 07:30:00,300000,0,290749,1,1170276,5,0,41,0,93
2026-07-15 07:31:00,300000,0,290230,4,1175113,7,0,46,0,94
2026-07-15 07:32:00,300000,0,283323,9,1179835,7,0,51,0,94
2026-07-15 07:33:00,300000,0,259983,9,1184168,8,0,55,0,94
2026-07-15 07:34:00,300000,0,18750,7,1184481,3,0,55,0,94
2026-07-15 07:35:00,300000,0,18282,0,1184786,0,0,55,0,95
2026-07-15 07:36:00,300000,0,17824,9,1185083,1,0,55,0,95
2026-07-15 07:37:00,300000,0,17379,3,1185372,8,0,55,0,95
2026-07-15 07:38:00,300000,0,16944,8,1185655,2,0,55,0,96
2026-07-15 07:39:00,300000,0,16521,2,1185930,5,0,55,0,96
2026-07-15 07:40:00,300000,0,16108,2,1186199,0,0,55,0,96
2026-07-15 07:41:00,300000,0,15705,5,1186460,7,0,00,0,96
2026-07-15 07:42:00,300000,0,15312,8,1186716,0,0,00,0,97
2026-07-15 07:43:00,300000,0,149930,0,1189214,8,0,19,0,97
2026-07-15 07:44:00,300000,0,149556,8,1191707,4,0,22,0,97
2026-07-15 07:45:00,300000,0,149192,8,1194194,0,0,25,0,97
2026-07-15 07:46:00,300000,0,148838,0,1196674,6,0,27,0,98
2026-07-15 07:47:00,300000,0,148492,1,1199149,5,0,30,0,98
2026-07-15 07:48:00,300000,0,147534,9,1201608,4,0,33,0,98
2026-07-15 07:49:00,300000,0,142115,8,1203977,0,0,36,0,98
2026-07-15 07:50:00,300000,0,136897,8,1206258,6,0,39,0,99
2026-07-15 07:51:00,300000,0,131873,4,1208456,5,0,41,0,99
2026-07-15 07:52:00,300000,0,127035,2,1210573,7,0,44,0,99
2026-07-15 07:53:00,300000,0,122376,4,1212613,3,0,46,0,99
2026-07-15 07:54:00,300000,0,117890,2,1214578,2,0,49,0,99
2026-07-15 07:55:00,300000,0,113570,2,1216471,0,0,51,1,00
2026-07-15 07:56:00,300000,0,109410,2,1218294,5,0,53,1,00
2026-07-15 07:57:00,300000,0,105404,2,1220051,3,0,55,1,00
2026-07-15 07:58:00,300000,0,101546,5,1221743,7,0,57,1,00
2026-07-15 07:59:00,300000,0,87874,5,1223208,3,0,59,1,00
2026-07-15 08:00:00,300000,0,84545,9,1224617,4,0,61,1,00
2026-07-15 08:01:00,300000,0,81343,4,1225973,1,0,62,1,00
2026-07-15 08:02:00,300000,0,78262,2,1227277,5,0,64,1,00
2026-07-15 08:03:00,300000,0,75297,7,1228532,4,0,66,1,00
2026-07-15 08:04:00,300000,0,72445,5,1229739,9,0,67,0,00
2026-07-15 08:05:00,300000,0,69701,4,1230901,5,0,69,0,00
2026-07-15 08:06:00,300000,0,67061,2,1232019,2,0,70,0,00
2026-07-15 08:07:00,300000,0,64635,0,1233096,5,0,72,0,00
2026-07-15 08:08:00,300000,0,62769,7,1234142,6,0,73,0,00
2026-07-15 08:09:00,300000,0,60958,1,1235158,6,0,74,0,00
2026-07-15 08:10:00,300000,0,59198,9,1236145,3,0,76,0,00
2026-07-15 08:11:00,300000,0,57490,4,1237103,4,0,77,0,00
2026-07-15 08:12:00,300000,0,190831,2,1240283,9,0,78,0,15
2026-07-15 08:13:00,300000,0,189219,9,1243437,6,0,79,0,17
2026-07-15 08:14:00,300000,0,187655,1,1246565,2,0,80,0,20
2026-07-15 08:15:00,300000,0,135000,0,1248815,2,0,80,0,23
2026-07-15 08:16:00,300000,0,135000,0,1251065,2,0,80,0,26
2026-07-15 08:17:00,300000,0,135000,0,1253315,2,0,80,0,29
2026-07-15 08:18:00,300000,0,135000,0,1255565,2,0,00,0,32
2026-07-15 08:19:00,300000,0,131422,4,1257755,6,0,00,0,35
2026-07-15 08:20:00,300000,0,126444,3,1259863,0,0,00,0,38
2026-07-15 08:21:00,300000,0,121654,8,1261890,6,0,00,0,40
2026-07-15 08:22:00,300000,0,117046,6,1263841,3,0,00,0,43
2026-07-15 08:23:00,300000,0,112613,0,1265718,2,0,00,0,45
2026-07-15 08:24:00,300000,0,108347,4,1267524,0,0,00,0,48
2026-07-15 08:25:00,300000,0,104243,3,1269261,4,0,00,0,50
2026-07-15 08:26:00,300000,0,100294,7,1270933,0,0,00,0,52
2026-07-15 08:27:00,300000,0,96495,7,1272541,2,0,00,0,54
2026-07-15 08:28:00,300000,0,92840,5,1274088,6,0,00,0,56
2026-07-15 08:29:00,300000,0,89323,8,1275577,3,0,00,0,58
2026-07-15 08:30:00,300000,0,85940,4,1277009,7,0,00,0,60
2026-07-15 08:31:00,300000,0,82685,1,1278387,7,0,00,0,62
2026-07-15 08:32:00,300000,0,79553,0,1279713,6,0,00,0,63
2026-07-15 08:33:00,300000,0,76539,7,1280989,3,0,00,0,65
2026-07-15 08:34:00,300000,0,73640,4,1282216,6,0,00,0,67
2026-07-15 08:35:00,300000,0,70851,0,1283397,5,0,00,0,68
2026-07-15 08:36:00,300000,0,203167,3,1286783,6,0,20,0,70
2026-07-15 08:37:00,300000,0,200585,2,1290126,7,0,22,0,71
2026-07-15 08:38:00,300000,0,198553,1,1293435,9,0,25,0,72
2026-07-15 08:39:00,300000,0,196718,9,1296714,5,0,28,0,74
2026-07-15 08:40:00,300000,0,194937,7,1299963,5,0,31,0,75
2026-07-15 08:41:00,300000,0,190992,5,1303146,7,0,34,0,76
2026-07-15 08:42:00,300000,0,184282,9,1306218,1,0,37,0,78
2026-07-15 08:43:00,300000,0,177812,3,1309181,6,0,40,0,79
2026-07-15 08:44:00,300000,0,171572,0,1312041,2,0,42,0,80
2026-07-15 08:45:00,300000,0,165553,9,1314800,4,0,45,0,81
2026-07-15 08:46:00,300000,0,109470,3,1316624,9,0,47,0,81
2026-07-15 08:47:00,300000,0,105323,7,1318380,3,0,49,0,81
2026-07-15 08:48:00,300000,0,101334,2,1320069,2,0,51,0,81
2026-07-15 08:49:00,300000,0,97495,8,1321694,1,0,54,0,81
2026-07-15 08:50:00,300000,0,93802,8,1323257,5,0,56,0,00
2026-07-15 08:51:00,300000,0,0,0,1323257,5,0,56,0,00
2026-07-15 08:52:00,300000,0,142000,0,1325624,2,0,56,0,10
2026-07-15 08:53:00,300000,0,142000,0,1327990,8,0,56,0,13
2026-07-15 08:54:00,300000,0,142000,0,1330357,5,0,56,0,15
2026-07-15 08:55:00,300000,0,142000,0,1332724,2,0,56,0,17
2026-07-15 08:56:00,300000,0,142000,0,1335090,8,0,56,0,20
2026-07-15 08:57:00,300000,0,142000,0,1337457,5,0,56,0,22
2026-07-15 08:58:00,300000,0,138133,7,1339759,7,0,56,0,25
2026-07-15 08:59:00,300000,0,134143,2,1341995,5,0,56,0,27
2026-07-15 09:00:00,300000,0,130267,9,1344166,6,0,56,0,29
2026-07-15 09:01:00,300000,0,126504,6,1346275,0,0,56,0,31
2026-07-15 09:02:00,300000,0,122850,0,1348322,5,0,56,0,33
2026-07-15 09:03:00,300000,0,119301,0,1350310,9,0,00,0,35
2026-07-15 09:04:00,300000,0,115854,6,1352241,8,0,00,0,37
2026-07-15 09:05:00,300000,0,112507,6,1354116,9,0,00,0,39
2026-07-15 09:06:00,300000,0,109257,4,1355937,8,0,00,0,41
2026-07-15 09:07:00,300000,0,300000,0,1360937,8,0,24,0,42
2026-07-15 09:08:00,300000,0,300000,0,1365937,8,0,28,0,44
2026-07-15 09:09:00,300000,0,300000,0,1370937,8,0,33,0,46
2026-07-15 09:10:00,300000,0,300000,0,1375937,8,0,37,0,47
2026-07-15 09:11:00,300000,0,300000,0,1380937,8,0,41,0,49
2026-07-15 09:12:00,300000,0,288708,4,1385749,7,0,46,0,51
2026-07-15 09:13:00,300000,0,266448,9,1390190,5,0,49,0,52
2026-07-15 09:14:00,300000,0,246284,3,1394295,2,0,53,0,54
2026-07-15 09:15:00,300000,0,227952,6,1398094,4,0,56,0,55
2026-07-15 09:16:00,300000,0,211275,8,1401615,7,0,59,0,56
2026-07-15 09:17:00,300000,0,196093,8,1404883,9,0,61,0,58
2026-07-15 09:18:00,300000,0,77330,5,1406172,8,0,61,0,59
2026-07-15 09:19:00,300000,0,75182,5,1407425,8,0,61,0,60
2026-07-15 09:20:00,300000,0,73094,1,1408644,0,0,61,0,61
2026-07-15 09:21:00,300000,0,71063,7,1409828,4,0,61,0,63
2026-07-15 09:22:00,300000,0,69089,7,1410979,9,0,61,0,64
2026-07-15 09:23:00,300000,0,67170,5,1412099,4,0,61,0,65
2026-07-15 09:24:00,300000,0,65304,7,1413187,8,0,61,0,66
2026-07-15 09:25:00,300000,0,63490,7,1414246,0,0,61,0,67
2026-07-15 09:26:00,300000,0,61727,0,1415274,8,0,61,0,68
2026-07-15 09:27:00,300000,0,60012,4,1416275,0,0,61,0,69
2026-07-15 09:28:00,300000,0,58345,4,1417247,4,0,61,0,70
2026-07-15 09:29:00,300000,0,56724,7,1418192,8,0,61,0,71
2026-07-15 09:30:00,300000,0,55149,0,1419112,0,0,61,0,72
2026-07-15 09:31:00,300000,0,53617,1,1420005,6,0,61,0,73
2026-07-15 09:32:00,300000,0,52127,7,1420874,4,0,00,0,74
2026-07-15 09:33:00,300000,0,185679,7,1423969,1,0,17,0,74
2026-07-15 09:34:00,300000,0,184271,9,1427040,3,0,20,0,75
2026-07-15 09:35:00,300000,0,182903,3,1430088,7,0,23,0,76
2026-07-15 09:36:00,300000,0,181572,6,1433114,9,0,26,0,77
2026-07-15 09:37:00,300000,0,180278,9,1436119,5,0,29,0,78
2026-07-15 09:38:00,300000,0,179021,2,1439103,2,0,32,0,78
2026-07-15 09:39:00,300000,0,174463,3,1442010,9,0,35,0,79
2026-07-15 09:40:00,300000,0,168287,1,1444815,7,0,37,0,80
2026-07-15 09:41:00,300000,0,162332,9,1447521,3,0,40,0,80
2026-07-15 09:42:00,300000,0,117262,6,1449475,6,0,43,0,00
2026-07-15 09:43:00,300000,0,112820,8,1451356,0,0,45,0,00
2026-07-15 09:44:00,300000,0,108547,3,1453165,1,0,47,0,00
2026-07-15 09:45:00,300000,0,104435,6,1454905,7,0,50,0,00
2026-07-15 09:46:00,300000,0,100479,8,1456580,4,0,52,0,00
2026-07-15 09:47:00,300000,0,96673,7,1458191,6,0,54,0,00
2026-07-15 09:48:00,300000,0,93011,8,1459741,8,0,56,0,00
2026-07-15 09:49:00,300000,0,0,0,1459741,8,0,56,0,00
2026-07-15 09:50:00,300000,0,0,0,1459741,8,0,56,0,00
2026-07-15 09:51:00,300000,0,0,0,1459741,8,0,56,0,00
2026-07-15 09:52:00,300000,0,250000,0,1463908,4,0,56,0,15
2026-07-15 09:53:00,300000,0,250000,0,1468075,1,0,56,0,20
2026-07-15 09:54:00,300000,0,250000,0,1472241,8,0,56,0,26
2026-07-15 09:55:00,300000,0,250000,0,1476408,4,0,56,0,31
2026-07-15 09:56:00,300000,0,245115,5,1480493,7,0,56,0,36
2026-07-15 09:57:00,300000,0,220673,8,1484171,6,0,56,0,41
2026-07-15 09:58:00,300000,0,198669,3,1487482,8,0,00,0,45
2026-07-15 09:59:00,300000,0,178859,0,1490463,7,0,00,0,49
2026-07-15 10:00:00,300000,0,296024,0,1495397,5,0,14,0,53
2026-07-15 10:01:00,300000,0,279967,5,1500063,6,0,17,0,56
2026-07-15 10:02:00,300000,0,265512,1,1504488,8,0,20,0,58
2026-07-15 10:03:00,300000,0,252498,0,1508697,1,0,22,0,61
2026-07-15 10:04:00,300000,0,242740,2,1512742,8,0,25,0,63
2026-07-15 10:05:00,300000,0,236984,9,1516692,5,0,28,0,65
2026-07-15 10:06:00,300000,0,231536,9,1520551,5,0,31,0,67
2026-07-15 10:07:00,300000,0,224284,5,1524289,5,0,34,0,69
2026-07-15 10:08:00,300000,0,214368,9,1527862,4,0,37,0,71
2026-07-15 10:09:00,300000,0,204904,6,1531277,4,0,40,0,73
2026-07-15 10:10:00,300000,0,195870,7,1534541,9,0,42,0,75
2026-07-15 10:11:00,300000,0,187246,9,1537662,7,0,45,0,76
2026-07-15 10:12:00,300000,0,179014,2,1540646,3,0,47,0,78
2026-07-15 10:13:00,300000,0,171154,2,1543498,9,0,49,0,79
2026-07-15 10:14:00,300000,0,163649,5,1546226,4,0,51,0,80
2026-07-15 10:15:00,300000,0,156703,7,1548838,1,0,53,0,82
2026-07-15 10:16:00,300000,0,150480,9,1551346,1,0,56,0,83
2026-07-15 10:17:00,300000,0,144506,0,1553754,5,0,57,0,84
2026-07-15 10:18:00,300000,0,138769,2,1556067,4,0,59,0,85
2026-07-15 10:19:00,300000,0,83617,5,1557461,0,0,61,0,85
2026-07-15 10:20:00,300000,0,80450,2,1558801,8,0,63,0,85
2026-07-15 10:21:00,300000,0,77402,8,1560091,9,0,65,0,85
2026-07-15 10:22:00,300000,0,74470,9,1561333,0,0,66,0,85
2026-07-15 10:23:00,300000,0,71650,0,1562527,2,0,68,0,85
2026-07-15 10:24:00,300000,0,68936,0,1563676,1,0,69,0,85
2026-07-15 10:25:00,300000,0,66324,8,1564781,6,0,71,0,85
2026-07-15 10:26:00,300000,0,64095,2,1565849,8,0,72,0,85
2026-07-15 10:27:00,300000,0,62245,4,1566887,2,0,73,0,85
2026-07-15 10:28:00,300000,0,60449,0,1567894,7,0,75,0,85
2026-07-15 10:29:00,300000,0,58704,5,1568873,1,0,76,0,85
2026-07-15 10:30:00,300000,0,0,0,1568873,1,0,76,0,85
2026-07-15 10:31:00,300000,0,0,0,1568873,1,0,76,0,85
2026-07-15 10:32:00,300000,0,0,0,1568873,1,0,00,0,85
2026-07-15 10:33:00,300000,0,0,0,1568873,1,0,00,0,85
2026-07-15 10:34:00,300000,0,0,0,1568873,1,0,00,0,85
2026-07-15 10:35:00,300000,0,0,0,1568873,1,0,00,0,85
2026-07-15 10:36:00,300000,0,0,0,1568873,1,0,00,0,85
2026-07-15 10:37:00,300000,0,135000,0,1571123,1,0,20,0,85
2026-07-15 10:38:00,300000,0,135000,0,1573373,1,0,23,0,85
2026-07-15 10:39:00,300000,0,135000,0,1575623,1,0,26,0,85
2026-07-15 10:40:00,300000,0,135000,0,1577873,1,0,29,0,85
2026-07-15 10:41:00,300000,0,135000,0,1580123,1,0,32,0,85
2026-07-15 10:42:00,300000,0,132167,4,1582325,9,0,34,0,85
2026-07-15 10:43:00,300000,0,127161,1,1584445,3,0,37,0,85
2026-07-15 10:44:00,300000,0,122344,4,1586484,3,0,40,0,85
2026-07-15 10:45:00,300000,0,117710,1,1588446,2,0,42,0,85
2026-07-15 10:46:00,300000,0,113251,4,1590333,7,0,45,0,85
2026-07-15 10:47:00,300000,0,108961,6,1592149,7,0,47,0,85
2026-07-15 10:48:00,300000,0,104834,2,1593897,0,0,50,0,85
2026-07-15 10:49:00,300000,0,100863,2,1595578,0,0,52,0,85
2026-07-15 10:50:00,300000,0,0,0,1595578,0,0,00,0,85
2026-07-15 10:51:00,300000,0,0,0,1595578,0,0,00,0,85
2026-07-15 10:52:00,300000,0,0,0,1595578,0,0,00,0,85
2026-07-15 10:53:00,300000,0,0,0,1595578,0,0,00,0,85
2026-07-15 10:54:00,300000,0,0,0,1595578,0,0,00,0,85
2026-07-15 10:55:00,300000,0,0,0,1595578,0,0,00,0,85
2026-07-15 10:56:00,300000,0,0,0,1595578,0,0,00,0,85
2026-07-15 10:57:00,300000,0,0,0,1595578,0,0,00,0,00
2026-07-15 10:58:00,300000,0,0,0,1595578,0,0,00,0,00
2026-07-15 10:59:00,300000,0,0,0,1595578,0,0,00,0,00
2026-07-15 11:00:00,300000,0,0,0,1595578,0,0,00,0,00
2026-07-15 11:01:00,300000,0,0,0,1595578,0,0,00,0,00
2026-07-15 11:02:00,300000,0,0,0,1595578,0,0,00,0,00
2026-07-15 11:03:00,300000,0,0,0,1595578,0,0,00,0,00
2026-07-15 11:04:00,300000,0,270000,0,1600078,0,0,11,0,00
2026-07-15 11:05:00,300000,0,270000,0,1604578,0,0,16,0,00
2026-07-15 11:06:00,300000,0,300000,0,1609578,0,0,19,0,13
2026-07-15 11:07:00,300000,0,300000,0,1614578,0,0,21,0,15
2026-07-15 11:08:00,300000,0,300000,0,1619578,0,0,24,0,18
2026-07-15 11:09:00,300000,0,300000,0,1624578,0,0,27,0,21
2026-07-15 11:10:00,300000,0,300000,0,1629578,0,0,29,0,23
2026-07-15 11:11:00,300000,0,300000,0,1634578,0,0,32,0,26
2026-07-15 11:12:00,300000,0,300000,0,1639578,0,0,35,0,29
2026-07-15 11:13:00,300000,0,300000,0,1644578,0,0,37,0,31
2026-07-15 11:14:00,300000,0,300000,0,1649578,0,0,40,0,34
2026-07-15 11:15:00,300000,0,300000,0,1654578,0,0,43,0,37
2026-07-15 11:16:00,300000,0,300000,0,1659578,0,0,45,0,40
2026-07-15 11:17:00,300000,0,300000,0,1664578,0,0,48,0,42
2026-07-15 11:18:00,300000,0,300000,0,1669578,0,0,51,0,45
2026-07-15 11:19:00,300000,0,300000,0,1674578,0,0,53,0,48
2026-07-15 11:20:00,300000,0,300000,0,1679578,0,0,56,0,50
2026-07-15 11:21:00,300000,0,244586,1,1683654,5,0,00,0,55
2026-07-15 11:22:00,300000,0,223387,2,1687377,6,0,00,0,59
2026-07-15 11:23:00,300000,0,204025,6,1690778,0,0,00,0,62
2026-07-15 11:24:00,300000,0,186342,1,1693883,7,0,00,0,66
2026-07-15 11:25:00,300000,0,170191,3,1696720,2,0,00,0,69
2026-07-15 11:26:00,300000,0,155440,4,1699310,9,0,00,0,71
2026-07-15 11:27:00,300000,0,0,0,1699310,9,0,00,0,71
2026-07-15 11:28:00,300000,0,135000,0,1701560,9,0,10,0,71
2026-07-15 11:29:00,300000,0,135000,0,1703810,9,0,13,0,71
2026-07-15 11:30:00,300000,0,135000,0,1706060,9,0,16,0,71
2026-07-15 11:31:00,300000,0,135000,0,1708310,9,0,19,0,71
2026-07-15 11:32:00,300000,0,135000,0,1710560,9,0,22,0,71
2026-07-15 11:33:00,300000,0,135000,0,1712810,9,0,25,0,71
2026-07-15 11:34:00,300000,0,135000,0,1715060,9,0,28,0,71
2026-07-15 11:35:00,300000,0,135000,0,1717310,9,0,31,0,71
2026-07-15 11:36:00,300000,0,133732,7,1719539,8,0,34,0,71
2026-07-15 11:37:00,300000,0,128667,1,1721684,2,0,36,0,71
2026-07-15 11:38:00,300000,0,123793,3,1723747,4,0,39,0,00
2026-07-15 11:39:00,300000,0,119104,2,1725732,5,0,42,0,00
2026-07-15 11:40:00,300000,0,114592,6,1727642,4,0,44,0,00
2026-07-15 11:41:00,300000,0,110252,0,1729479,9,0,47,0,00
2026-07-15 11:42:00,300000,0,106075,8,1731247,9,0,49,0,00
2026-07-15 11:43:00,300000,0,102057,8,1732948,8,0,51,0,00
2026-07-15 11:44:00,300000,0,98192,0,1734585,4,0,53,0,00
2026-07-15 11:45:00,300000,0,94472,6,1736159,9,0,55,0,00
2026-07-15 11:46:00,300000,0,232894,1,1740041,5,0,57,0,14
2026-07-15 11:47:00,300000,0,229451,1,1743865,7,0,59,0,17
2026-07-15 11:48:00,300000,0,226138,6,1747634,6,0,61,0,19
2026-07-15 11:49:00,300000,0,222951,5,1751350,5,0,63,0,21
2026-07-15 11:50:00,300000,0,217403,7,1754973,9,0,64,0,24
2026-07-15 11:51:00,300000,0,210422,9,1758480,9,0,66,0,26
2026-07-15 11:52:00,300000,0,203670,4,1761875,4,0,68,0,28
2026-07-15 11:53:00,300000,0,197138,4,1765161,1,0,69,0,30
2026-07-15 11:54:00,300000,0,190819,7,1768341,4,0,70,0,32
2026-07-15 11:55:00,300000,0,184895,3,1771423,0,0,72,0,34
2026-07-15 11:56:00,300000,0,179555,7,1774415,6,0,73,0,36
2026-07-15 11:57:00,300000,0,174370,3,1777321,8,0,75,0,38
2026-07-15 11:58:00,300000,0,169334,7,1780144,0,0,76,0,40
2026-07-15 11:59:00,300000,0,164444,5,1782884,7,0,77,0,42
2026-07-15 12:00:00,300000,0,159695,6,1785546,3,0,78,0,44
2026-07-15 12:01:00,300000,0,155083,7,1788131,1,0,79,0,45
2026-07-15 12:02:00,300000,0,150605,1,1790641,2,0,81,0,47
2026-07-15 12:03:00,300000,0,95307,7,1792229,6,0,81,0,49
2026-07-15 12:04:00,300000,0,92554,3,1793772,2,0,81,0,50
2026-07-15 12:05:00,300000,0,89885,1,1795270,3,0,00,0,52
2026-07-15 12:06:00,300000,0,87388,3,1796726,7,0,00,0,53
2026-07-15 12:07:00,300000,0,84960,9,1798142,8,0,00,0,54
2026-07-15 12:08:00,300000,0,82600,8,1799519,4,0,00,0,56
2026-07-15 12:09:00,300000,0,80306,4,1800857,9,0,00,0,57
2026-07-15 12:10:00,300000,0,78075,6,1802159,1,0,00,0,58
2026-07-15 12:11:00,300000,0,75906,9,1803424,3,0,00,0,60
2026-07-15 12:12:00,300000,0,300000,0,1808424,3,0,13,0,61
2026-07-15 12:13:00,300000,0,300000,0,1813424,3,0,18,0,62
2026-07-15 12:14:00,300000,0,300000,0,1818424,3,0,23,0,63
2026-07-15 12:15:00,300000,0,300000,0,1823424,3,0,27,0,64
2026-07-15 12:16:00,300000,0,300000,0,1828424,3,0,32,0,66
2026-07-15 12:17:00,300000,0,300000,0,1833424,3,0,38,0,67
2026-07-15 12:18:00,300000,0,277158,6,1838043,6,0,42,0,68
2026-07-15 12:19:00,300000,0,254005,0,1842277,0,0,46,0,69
2026-07-15 12:20:00,300000,0,233035,6,1846160,9,0,50,0,70
2026-07-15 12:21:00,300000,0,214036,1,1849728,2,0,53,0,71
2026-07-15 12:22:00,300000,0,196813,4,1853008,4,0,56,0,72
2026-07-15 12:23:00,300000,0,181193,6,1856028,3,0,59,0,72
2026-07-15 12:24:00,300000,0,167020,1,1858812,0,0,62,0,73
2026-07-15 12:25:00,300000,0,157409,3,1861435,4,0,64,0,74
2026-07-15 12:26:00,300000,0,150312,7,1863940,7,0,66,0,75
2026-07-15 12:27:00,300000,0,143558,7,1866333,3,0,68,0,76
2026-07-15 12:28:00,300000,0,137130,1,1868618,8,0,70,0,77
2026-07-15 12:29:00,300000,0,131010,5,1870802,3,0,72,0,77
2026-07-15 12:30:00,300000,0,125184,2,1872888,7,0,73,0,78
2026-07-15 12:31:00,300000,0,119636,7,1874882,7,0,75,0,79
2026-07-15 12:32:00,300000,0,114353,8,1876788,6,0,77,0,79
2026-07-15 12:33:00,300000,0,109322,3,1878610,6,0,78,0,80
2026-07-15 12:34:00,300000,0,104558,8,1880353,2,0,79,0,81
2026-07-15 12:35:00,300000,0,100102,7,1882021,6,0,81,0,81
2026-07-15 12:36:00,300000,0,96240,4,1883625,6,0,82,0,82
2026-07-15 12:37:00,300000,0,92797,5,1885172,3,0,83,0,83
2026-07-15 12:38:00,300000,0,89485,0,1886663,7,0,84,0,83
2026-07-15 12:39:00,300000,0,86297,7,1888102,0,0,85,0,84
2026-07-15 12:40:00,300000,0,83230,7,1889489,1,0,87,0,84
2026-07-15 12:41:00,300000,0,80279,3,1890827,1,0,88,0,85
2026-07-15 12:42:00,300000,0,77438,9,1892117,8,0,88,0,86
2026-07-15 12:43:00,300000,0,74705,1,1893362,9,0,89,0,86
2026-07-15 12:44:00,300000,0,72073,7,1894564,1,0,90,0,87
2026-07-15 12:45:00,300000,0,30078,6,1895065,4,0,90,0,87
2026-07-15 12:46:00,300000,0,29326,6,1895554,2,0,90,0,88
2026-07-15 12:47:00,300000,0,28593,5,1896030,7,0,90,0,88
2026-07-15 12:48:00,300000,0,27878,6,1896495,4,0,90,0,89
2026-07-15 12:49:00,300000,0,27181,7,1896948,4,0,90,0,89
2026-07-15 12:50:00,300000,0,26502,1,1897390,1,0,90,0,89
2026-07-15 12:51:00,300000,0,25839,6,1897820,8,0,90,0,90
2026-07-15 12:52:00,300000,0,25193,6,1898240,7,0,90,0,90
2026-07-15 12:53:00,300000,0,24563,7,1898650,1,0,90,0,91
2026-07-15 12:54:00,300000,0,23949,6,1899049,2,0,90,0,91
2026-07-15 12:55:00,300000,0,23350,9,1899438,4,0,90,0,91
2026-07-15 12:56:00,300000,0,22767,1,1899817,9,0,90,0,92
2026-07-15 12:57:00,300000,0,22198,0,1900187,8,0,90,0,92
2026-07-15 12:58:00,300000,0,21643,0,1900548,5,0,90,0,93
2026-07-15 12:59:00,300000,0,21101,9,1900900,2,0,90,0,93
2026-07-15 13:00:00,300000,0,20574,4,1901243,1,0,00,0,93
2026-07-15 13:01:00,300000,0,20060,0,1901577,5,0,00,0,94
2026-07-15 13:02:00,300000,0,19558,5,1901903,5,0,00,0,94
2026-07-15 13:03:00,300000,0,19069,6,1902221,3,0,00,0,94
2026-07-15 13:04:00,300000,0,18592,8,1902531,2,0,00,0,95
2026-07-15 13:05:00,300000,0,18128,0,1902833,3,0,00,0,95
2026-07-15 13:06:00,300000,0,17674,8,1903127,9,0,00,0,95
2026-07-15 13:07:00,300000,0,0,0,1903127,9,0,00,0,95
2026-07-15 13:08:00,300000,0,0,0,1903127,9,0,00,0,95
2026-07-15 13:09:00,300000,0,0,0,1903127,9,0,00,0,95
2026-07-15 13:10:00,300000,0,0,0,1903127,9,0,00,0,95
2026-07-15 13:11:00,300000,0,0,0,1903127,9,0,00,0,95
2026-07-15 13:12:00,300000,0,0,0,1903127,9,0,00,0,95
2026-07-15 13:13:00,300000,0,0,0,1903127,9,0,00,0,95
2026-07-15 13:14:00,300000,0,0,0,1903127,9,0,00,0,95
2026-07-15 13:15:00,300000,0,135000,0,1905377,9,0,11,0,95
2026-07-15 13:16:00,300000,0,135000,0,1907627,9,0,14,0,95
2026-07-15 13:17:00,300000,0,135000,0,1909877,9,0,17,0,95
2026-07-15 13:18:00,300000,0,135000,0,1912127,9,0,20,0,95
2026-07-15 13:19:00,300000,0,135000,0,1914377,9,0,23,0,95
2026-07-15 13:20:00,300000,0,135000,0,1916627,9,0,25,0,95
2026-07-15 13:21:00,300000,0,135000,0,1918877,9,0,28,0,95
2026-07-15 13:22:00,300000,0,135000,0,1921127,9,0,31,0,95
2026-07-15 13:23:00,300000,0,132727,5,1923340,0,0,34,0,95
2026-07-15 13:24:00,300000,0,127699,9,1925468,3,0,37,0,00
2026-07-15 13:25:00,300000,0,122862,8,1927516,0,0,40,0,00
2026-07-15 13:26:00,300000,0,118208,9,1929486,2,0,42,0,00
2026-07-15 13:27:00,300000,0,113731,3,1931381,7,0,45,0,00
2026-07-15 13:28:00,300000,0,109423,3,1933205,4,0,47,0,00
2026-07-15 13:29:00,300000,0,300000,0,1938205,4,0,49,0,18
2026-07-15 13:30:00,300000,0,300000,0,1943205,4,0,51,0,22
2026-07-15 13:31:00,300000,0,300000,0,1948205,4,0,54,0,27
2026-07-15 13:32:00,300000,0,300000,0,1953205,4,0,56,0,31
2026-07-15 13:33:00,300000,0,300000,0,1958205,4,0,58,0,36
2026-07-15 13:34:00,300000,0,300000,0,1963205,4,0,59,0,40
2026-07-15 13:35:00,300000,0,285584,1,1967965,2,0,61,0,45
2026-07-15 13:36:00,300000,0,262270,8,1972336,3,0,63,0,48
2026-07-15 13:37:00,300000,0,241086,6,1976354,5,0,65,0,52
2026-07-15 13:38:00,300000,0,221826,5,1980051,6,0,66,0,55
2026-07-15 13:39:00,300000,0,71554,6,1981244,1,0,68,0,55
2026-07-15 13:40:00,300000,0,68844,2,1982391,5,0,69,0,55
2026-07-15 13:41:00,300000,0,66236,4,1983495,5,0,71,0,55
2026-07-15 13:42:00,300000,0,64030,5,1984562,7,0,72,0,55
2026-07-15 13:43:00,300000,0,62182,5,1985599,0,0,73,0,55
2026-07-15 13:44:00,300000,0,60388,0,1986605,5,0,75,0,55
2026-07-15 13:45:00,300000,0,58645,2,1987582,9,0,76,0,00
2026-07-15 13:46:00,300000,0,56952,7,1988532,1,0,77,0,00
2026-07-15 13:47:00,300000,0,55309,0,1989453,9,0,78,0,00
2026-07-15 13:48:00,300000,0,53712,8,1990349,2,0,80,0,00
2026-07-15 13:49:00,300000,0,194162,6,1993585,2,0,81,0,13
2026-07-15 13:50:00,300000,0,192657,2,1996796,2,0,82,0,15
2026-07-15 13:51:00,300000,0,191195,2,1999982,7,0,83,0,18
2026-07-15 13:52:00,300000,0,189775,5,2003145,7,0,84,0,20
2026-07-15 13:53:00,300000,0,188107,2,2006280,8,0,85,0,23
2026-07-15 13:54:00,300000,0,182674,4,2009325,4,0,86,0,25
2026-07-15 13:55:00,300000,0,177398,4,2012282,0,0,87,0,27
2026-07-15 13:56:00,300000,0,172274,8,2015153,3,0,88,0,29
2026-07-15 13:57:00,300000,0,167299,2,2017941,6,0,89,0,31
2026-07-15 13:58:00,300000,0,162467,3,2020649,4,0,90,0,33
2026-07-15 13:59:00,300000,0,157775,0,2023278,9,0,90,0,35
2026-07-15 14:00:00,300000,0,115421,0,2025202,6,0,90,0,37
2026-07-15 14:01:00,300000,0,112086,6,2027070,7,0,90,0,39
2026-07-15 14:02:00,300000,0,108848,5,2028884,9,0,90,0,41
2026-07-15 14:03:00,300000,0,105704,0,2030646,6,0,90,0,43
2026-07-15 14:04:00,300000,0,102650,3,2032357,5,0,90,0,44
2026-07-15 14:05:00,300000,0,99684,9,2034018,9,0,90,0,46
2026-07-15 14:06:00,300000,0,96805,1,2035632,3,0,90,0,48
2026-07-15 14:07:00,300000,0,94008,5,2037199,1,0,90,0,49
2026-07-15 14:08:00,300000,0,91292,7,2038720,6,0,90,0,51
2026-07-15 14:09:00,300000,0,88707,1,2040199,1,0,90,0,52
2026-07-15 14:10:00,300000,0,86243,0,2041636,5,0,90,0,54
2026-07-15 14:11:00,300000,0,83847,4,2043033,9,0,90,0,55
2026-07-15 14:12:00,300000,0,81518,3,2044392,6,0,90,0,56
2026-07-15 14:13:00,300000,0,79253,9,2045713,5,0,00,0,58
2026-07-15 14:14:00,300000,0,77052,4,2046997,7,0,00,0,59
2026-07-15 14:15:00,300000,0,74912,0,2048246,2,0,00,0,60
2026-07-15 14:16:00,300000,0,72831,1,2049460,1,0,00,0,62
2026-07-15 14:17:00,300000,0,300000,0,2054460,1,0,15,0,63
2026-07-15 14:18:00,300000,0,300000,0,2059460,1,0,19,0,64
2026-07-15 14:19:00,300000,0,300000,0,2064460,1,0,23,0,65
2026-07-15 14:20:00,300000,0,300000,0,2069460,1,0,27,0,66
2026-07-15 14:21:00,300000,0,300000,0,2074460,1,0,32,0,67
2026-07-15 14:22:00,300000,0,300000,0,2079460,1,0,36,0,68
2026-07-15 14:23:00,300000,0,300000,0,2084460,1,0,40,0,69
2026-07-15 14:24:00,300000,0,300000,0,2089460,1,0,45,0,70
2026-07-15 14:25:00,300000,0,270000,0,2093960,1,0,49,0,70
2026-07-15 14:26:00,300000,0,248953,2,2098109,3,0,54,0,70
2026-07-15 14:27:00,300000,0,227375,8,2101898,9,0,58,0,70
2026-07-15 14:28:00,300000,0,207668,5,2105360,0,0,62,0,00
2026-07-15 14:29:00,300000,0,189669,3,2108521,2,0,65,0,00
2026-07-15 14:30:00,300000,0,173230,1,2111408,3,0,68,0,00
2026-07-15 14:31:00,300000,0,158215,8,2114045,3,0,71,0,00
2026-07-15 14:32:00,300000,0,0,0,2114045,3,0,71,0,00
2026-07-15 14:33:00,300000,0,0,0,2114045,3,0,71,0,00
2026-07-15 14:34:00,300000,0,0,0,2114045,3,0,71,0,00
2026-07-15 14:35:00,300000,0,0,0,2114045,3,0,71,0,00
2026-07-15 14:36:00,300000,0,0,0,2114045,3,0,71,0,00
2026-07-15 14:37:00,300000,0,270000,0,2118545,3,0,71,0,13
2026-07-15 14:38:00,300000,0,270000,0,2123045,3,0,71,0,18
2026-07-15 14:39:00,300000,0,270000,0,2127545,3,0,71,0,23
2026-07-15 14:40:00,300000,0,270000,0,2132045,3,0,71,0,28
2026-07-15 14:41:00,300000,0,270000,0,2136545,3,0,71,0,33
2026-07-15 14:42:00,300000,0,270000,0,2141045,3,0,71,0,38
2026-07-15 14:43:00,300000,0,270000,0,2145545,3,0,71,0,42
2026-07-15 14:44:00,300000,0,270000,0,2150045,3,0,71,0,47
2026-07-15 14:45:00,300000,0,259607,8,2154372,1,0,71,0,52
2026-07-15 14:46:00,300000,0,237106,9,2158323,8,0,71,0,56
2026-07-15 14:47:00,300000,0,216556,2,2161933,1,0,71,0,60
2026-07-15 14:48:00,300000,0,197786,7,2165229,6,0,71,0,63
2026-07-15 14:49:00,300000,0,0,0,2165229,6,0,71,0,00
2026-07-15 14:50:00,300000,0,0,0,2165229,6,0,71,0,00
2026-07-15 14:51:00,300000,0,0,0,2165229,6,0,71,0,00
2026-07-15 14:52:00,300000,0,0,0,2165229,6,0,71,0,00
2026-07-15 14:53:00,300000,0,0,0,2165229,6,0,71,0,00
2026-07-15 14:54:00,300000,0,0,0,2165229,6,0,71,0,00
2026-07-15 14:55:00,300000,0,0,0,2165229,6,0,71,0,00
2026-07-15 14:56:00,300000,0,0,0,2165229,6,0,71,0,00
2026-07-15 14:57:00,300000,0,0,0,2165229,6,0,71,0,00
2026-07-15 14:58:00,300000,0,0,0,2165229,6,0,71,0,00
2026-07-15 14:59:00,300000,0,0,0,2165229,6,0,00,0,00
2026-07-15 15:00:00,300000,0,0,0,2165229,6,0,00,0,00
2026-07-15 15:01:00,300000,0,0,0,2165229,6,0,00,0,00
2026-07-15 15:02:00,300000,0,270000,0,2169729,6,0,00,0,24
2026-07-15 15:03:00,300000,0,270000,0,2174229,6,0,00,0,29
2026-07-15 15:04:00,300000,0,270000,0,2178729,6,0,00,0,34
2026-07-15 15:05:00,300000,0,300000,0,2183729,6,0,15,0,37
2026-07-15 15:06:00,300000,0,300000,0,2188729,6,0,18,0,40
2026-07-15 15:07:00,300000,0,300000,0,2193729,6,0,21,0,43
2026-07-15 15:08:00,300000,0,300000,0,2198729,6,0,24,0,46
2026-07-15 15:09:00,300000,0,300000,0,2203729,6,0,27,0,48
2026-07-15 15:10:00,300000,0,300000,0,2208729,6,0,30,0,51
2026-07-15 15:11:00,300000,0,135000,0,2210979,6,0,32,0,51
2026-07-15 15:12:00,300000,0,130680,5,2213157,6,0,35,0,51
2026-07-15 15:13:00,300000,0,125730,5,2215253,1,0,38,0,51
2026-07-15 15:14:00,300000,0,120968,0,2217269,2,0,41,0,51
2026-07-15 15:15:00,300000,0,116385,9,2219209,0,0,43,0,51
2026-07-15 15:16:00,300000,0,111977,3,2221075,3,0,46,0,51
2026-07-15 15:17:00,300000,0,107735,7,2222870,9,0,48,0,51
2026-07-15 15:18:00,300000,0,103654,8,2224598,4,0,50,0,51
2026-07-15 15:19:00,300000,0,99728,5,2226260,6,0,52,0,51
2026-07-15 15:20:00,300000,0,95950,9,2227859,8,0,54,0,51
2026-07-15 15:21:00,300000,0,92316,4,2229398,4,0,56,0,51
2026-07-15 15:22:00,300000,0,88819,6,2230878,7,0,58,0,51
2026-07-15 15:23:00,300000,0,85455,2,2232303,0,0,60,0,00
2026-07-15 15:24:00,300000,0,82218,3,2233673,3,0,62,0,00
2026-07-15 15:25:00,300000,0,79103,9,2234991,7,0,64,0,00
2026-07-15 15:26:00,300000,0,76107,6,2236260,1,0,65,0,00
2026-07-15 15:27:00,300000,0,300000,0,2241260,1,0,67,0,18
2026-07-15 15:28:00,300000,0,300000,0,2246260,1,0,68,0,23
2026-07-15 15:29:00,300000,0,300000,0,2251260,1,0,70,0,28
2026-07-15 15:30:00,300000,0,300000,0,2256260,1,0,71,0,33
2026-07-15 15:31:00,300000,0,297615,9,2261220,4,0,73,0,38
2026-07-15 15:32:00,300000,0,272422,9,2265760,8,0,74,0,43
2026-07-15 15:33:00,300000,0,249612,7,2269921,0,0,75,0,47
2026-07-15 15:34:00,300000,0,228951,3,2273736,8,0,77,0,51
2026-07-15 15:35:00,300000,0,210228,1,2277240,6,0,78,0,54
2026-07-15 15:36:00,300000,0,193253,4,2280461,5,0,79,0,57
2026-07-15 15:37:00,300000,0,177856,2,2283425,8,0,80,0,60
2026-07-15 15:38:00,300000,0,112329,9,2285298,0,0,80,0,62
2026-07-15 15:39:00,300000,0,105247,6,2287052,1,0,80,0,64
2026-07-15 15:40:00,300000,0,99625,4,2288712,5,0,80,0,66
2026-07-15 15:41:00,300000,0,94303,6,2290284,2,0,80,0,68
2026-07-15 15:42:00,300000,0,89266,0,2291772,0,0,80,0,70
2026-07-15 15:43:00,300000,0,84497,5,2293180,3,0,80,0,72
2026-07-15 15:44:00,300000,0,79983,7,2294513,4,0,80,0,74
2026-07-15 15:45:00,300000,0,75711,1,2295775,2,0,80,0,75
2026-07-15 15:46:00,300000,0,0,0,2295775,2,0,80,0,75
2026-07-15 15:47:00,300000,0,0,0,2295775,2,0,80,0,75
2026-07-15 15:48:00,300000,0,0,0,2295775,2,0,80,0,75
2026-07-15 15:49:00,300000,0,0,0,2295775,2,0,80,0,75
2026-07-15 15:50:00,300000,0,0,0,2295775,2,0,80,0,75
2026-07-15 15:51:00,300000,0,0,0,2295775,2,0,80,0,75
2026-07-15 15:52:00,300000,0,0,0,2295775,2,0,80,0,75
2026-07-15 15:53:00,300000,0,0,0,2295775,2,0,80,0,75
2026-07-15 15:54:00,300000,0,0,0,2295775,2,0,80,0,75
2026-07-15 15:55:00,300000,0,0,0,2295775,2,0,00,0,75
2026-07-15 15:56:00,300000,0,0,0,2295775,2,0,00,0,75
2026-07-15 15:57:00,300000,0,0,0,2295775,2,0,00,0,00
2026-07-15 15:58:00,300000,0,0,0,2295775,2,0,00,0,00
2026-07-15 15:59:00,300000,0,0,0,2295775,2,0,00,0,00
2026-07-15 16:00:00,300000,0,0,0,2295775,2,0,00,0,00
2026-07-15 16:01:00,300000,0,0,0,2295775,2,0,00,0,00
2026-07-15 16:02:00,300000,0,0,0,2295775,2,0,00,0,00
2026-07-15 16:03:00,300000,0,0,0,2295775,2,0,00,0,00
2026-07-15 16:04:00,300000,0,270000,0,2300275,2,0,22,0,00
2026-07-15 16:05:00,300000,0,270000,0,2304775,2,0,26,0,00
2026-07-15 16:06:00,300000,0,270000,0,2309275,2,0,31,0,00
2026-07-15 16:07:00,300000,0,270000,0,2313775,2,0,36,0,00
2026-07-15 16:08:00,300000,0,270000,0,2318275,2,0,41,0,00
2026-07-15 16:09:00,300000,0,270000,0,2322775,2,0,46,0,00
2026-07-15 16:10:00,300000,0,300000,0,2327775,2,0,48,0,16
2026-07-15 16:11:00,300000,0,300000,0,2332775,2,0,51,0,19
2026-07-15 16:12:00,300000,0,300000,0,2337775,2,0,54,0,22
2026-07-15 16:13:00,300000,0,300000,0,2342775,2,0,56,0,24
2026-07-15 16:14:00,300000,0,300000,0,2347775,2,0,59,0,27
2026-07-15 16:15:00,300000,0,300000,0,2352775,2,0,62,0,30
2026-07-15 16:16:00,300000,0,300000,0,2357775,2,0,64,0,32
2026-07-15 16:17:00,300000,0,300000,0,2362775,2,0,67,0,35
2026-07-15 16:18:00,300000,0,300000,0,2367775,2,0,70,0,38
2026-07-15 16:19:00,300000,0,300000,0,2372775,2,0,72,0,40
2026-07-15 16:20:00,300000,0,300000,0,2377775,2,0,75,0,43
2026-07-15 16:21:00,300000,0,300000,0,2382775,2,0,77,0,46
2026-07-15 16:22:00,300000,0,300000,0,2387775,2,0,79,0,50
2026-07-15 16:23:00,300000,0,300000,0,2392775,2,0,81,0,53
2026-07-15 16:24:00,300000,0,300000,0,2397775,2,0,83,0,57
2026-07-15 16:25:00,300000,0,300000,0,2402775,2,0,84,0,60
2026-07-15 16:26:00,300000,0,279599,8,2407435,2,0,86,0,64
2026-07-15 16:27:00,300000,0,257420,0,2411725,5,0,87,0,67
2026-07-15 16:28:00,300000,0,237034,3,2415676,1,0,89,0,70
2026-07-15 16:29:00,300000,0,218295,2,2419314,4,0,90,0,73
2026-07-15 16:30:00,300000,0,201067,6,2422665,5,0,91,0,75
2026-07-15 16:31:00,300000,0,185227,4,2425752,6,0,92,0,77
2026-07-15 16:32:00,300000,0,170661,0,2428597,0,0,93,0,79
2026-07-15 16:33:00,300000,0,157264,2,2431218,0,0,94,0,81
2026-07-15 16:34:00,300000,0,146530,2,2433660,2,0,95,0,83
2026-07-15 16:35:00,300000,0,89913,0,2435158,7,0,95,0,84
2026-07-15 16:36:00,300000,0,84297,4,2436563,7,0,95,0,86
2026-07-15 16:37:00,300000,0,79032,6,2437880,9,0,95,0,87
2026-07-15 16:38:00,300000,0,74096,6,2439115,9,0,95,0,89
2026-07-15 16:39:00,300000,0,69468,9,2440273,7,0,00,0,90
2026-07-15 16:40:00,300000,0,65130,2,2441359,2,0,00,0,91
2026-07-15 16:41:00,300000,0,0,0,2441359,2,0,00,0,91
2026-07-15 16:42:00,300000,0,0,0,2441359,2,0,00,0,91
2026-07-15 16:43:00,300000,0,0,0,2441359,2,0,00,0,91
2026-07-15 16:44:00,300000,0,0,0,2441359,2,0,00,0,91
2026-07-15 16:45:00,300000,0,0,0,2441359,2,0,00,0,91
2026-07-15 16:46:00,300000,0,0,0,2441359,2,0,00,0,91
2026-07-15 16:47:00,300000,0,0,0,2441359,2,0,00,0,91
2026-07-15 16:48:00,300000,0,270000,0,2445859,2,0,13,0,91
2026-07-15 16:49:00,300000,0,270000,0,2450359,2,0,17,0,91
2026-07-15 16:50:00,300000,0,270000,0,2454859,2,0,22,0,91
2026-07-15 16:51:00,300000,0,270000,0,2459359,2,0,27,0,91
2026-07-15 16:52:00,300000,0,270000,0,2463859,2,0,32,0,91
2026-07-15 16:53:00,300000,0,270000,0,2468359,2,0,37,0,91
2026-07-15 16:54:00,300000,0,270000,0,2472859,2,0,42,0,91
2026-07-15 16:55:00,300000,0,270000,0,2477359,2,0,46,0,91
2026-07-15 16:56:00,300000,0,263458,3,2481750,1,0,51,0,91
2026-07-15 16:57:00,300000,0,240623,6,2485760,5,0,55,0,91
2026-07-15 16:58:00,300000,0,219768,1,2489423,3,0,59,0,00
2026-07-15 16:59:00,300000,0,200720,2,2492768,7,0,63,0,00
2026-07-15 17:00:00,300000,0,183323,2,2495824,1,0,66,0,00
2026-07-15 17:01:00,300000,0,167434,1,2498614,6,0,69,0,00
2026-07-15 17:02:00,300000,0,152922,1,2501163,3,0,72,0,00
2026-07-15 17:03:00,300000,0,139667,9,2503491,1,0,74,0,00
2026-07-15 17:04:00,300000,0,127562,5,2505617,2,0,77,0,00
2026-07-15 17:05:00,300000,0,116506,3,2507559,0,0,79,0,00
2026-07-15 17:06:00,300000,0,300000,0,2512559,0,0,81,0,23
2026-07-15 17:07:00,300000,0,300000,0,2517559,0,0,82,0,27
2026-07-15 17:08:00,300000,0,300000,0,2522559,0,0,84,0,31
2026-07-15 17:09:00,300000,0,300000,0,2527559,0,0,86,0,34
2026-07-15 17:10:00,300000,0,300000,0,2532559,0,0,87,0,38
2026-07-15 17:11:00,300000,0,300000,0,2537559,0,0,88,0,42
2026-07-15 17:12:00,300000,0,300000,0,2542559,0,0,90,0,46
2026-07-15 17:13:00,300000,0,300000,0,2547559,0,0,91,0,51
2026-07-15 17:14:00,300000,0,242506,1,2551600,7,0,00,0,55
2026-07-15 17:15:00,300000,0,300000,0,2556600,7,0,20,0,58
2026-07-15 17:16:00,300000,0,300000,0,2561600,7,0,24,0,60
2026-07-15 17:17:00,300000,0,300000,0,2566600,7,0,27,0,63
2026-07-15 17:18:00,300000,0,300000,0,2571600,7,0,30,0,66
2026-07-15 17:19:00,300000,0,300000,0,2576600,7,0,33,0,68
2026-07-15 17:20:00,300000,0,300000,0,2581600,7,0,36,0,71
2026-07-15 17:21:00,300000,0,300000,0,2586600,7,0,40,0,74
2026-07-15 17:22:00,300000,0,300000,0,2591600,7,0,43,0,76
2026-07-15 17:23:00,300000,0,300000,0,2596600,7,0,47,0,78
2026-07-15 17:24:00,300000,0,278922,3,2601249,4,0,51,0,80
2026-07-15 17:25:00,300000,0,252580,1,2605459,1,0,54,0,82
2026-07-15 17:26:00,300000,0,231115,7,2609311,0,0,57,0,83
2026-07-15 17:27:00,300000,0,211559,2,2612837,0,0,60,0,85
2026-07-15 17:28:00,300000,0,193734,8,2616065,9,0,62,0,87
2026-07-15 17:29:00,300000,0,181982,2,2619099,0,0,64,0,88
2026-07-15 17:30:00,300000,0,171563,6,2621958,4,0,66,0,89
2026-07-15 17:31:00,300000,0,161745,0,2624654,1,0,68,0,90
2026-07-15 17:32:00,300000,0,152491,8,2627195,6,0,70,0,92
2026-07-15 17:33:00,300000,0,143771,2,2629591,8,0,72,0,93
2026-07-15 17:34:00,300000,0,135552,3,2631851,0,0,74,0,94
2026-07-15 17:35:00,300000,0,127806,1,2633981,1,0,75,0,95
2026-07-15 17:36:00,300000,0,120505,2,2635989,5,0,77,0,95
2026-07-15 17:37:00,300000,0,67555,8,2637115,5,0,78,0,95
2026-07-15 17:38:00,300000,0,63947,0,2638181,3,0,80,0,95
2026-07-15 17:39:00,300000,0,60531,0,2639190,1,0,81,0,95
2026-07-15 17:40:00,300000,0,0,0,2639190,1,0,81,0,95
2026-07-15 17:41:00,300000,0,0,0,2639190,1,0,81,0,95
2026-07-15 17:42:00,300000,0,0,0,2639190,1,0,81,0,95
2026-07-15 17:43:00,300000,0,0,0,2639190,1,0,81,0,95
2026-07-15 17:44:00,300000,0,0,0,2639190,1,0,81,0,95
2026-07-15 17:45:00,300000,0,0,0,2639190,1,0,81,0,95
2026-07-15 17:46:00,300000,0,0,0,2639190,1,0,81,0,95
2026-07-15 17:47:00,300000,0,0,0,2639190,1,0,81,0,95
2026-07-15 17:48:00,300000,0,0,0,2639190,1,0,81,0,95
2026-07-15 17:49:00,300000,0,0,0,2639190,1,0,81,0,95
2026-07-15 17:50:00,300000,0,0,0,2639190,1,0,81,0,00
2026-07-15 17:51:00,300000,0,0,0,2639190,1,0,81,0,00
2026-07-15 17:52:00,300000,0,0,0,2639190,1,0,81,0,00
2026-07-15 17:53:00,300000,0,0,0,2639190,1,0,81,0,00
2026-07-15 17:54:00,300000,0,0,0,2639190,1,0,81,0,00
2026-07-15 17:55:00,300000,0,0,0,2639190,1,0,81,0,00
2026-07-15 17:56:00,300000,0,0,0,2639190,1,0,81,0,00
2026-07-15 17:57:00,300000,0,0,0,2639190,1,0,81,0,00
2026-07-15 17:58:00,300000,0,270000,0,2643690,1,0,81,0,13
2026-07-15 17:59:00,300000,0,270000,0,2648190,1,0,81,0,18
2026-07-15 18:00:00,300000,0,270000,0,2652690,1,0,81,0,23
2026-07-15 18:01:00,300000,0,270000,0,2657190,1,0,81,0,28
2026-07-15 18:02:00,300000,0,270000,0,2661690,1,0,81,0,33
2026-07-15 18:03:00,300000,0,270000,0,2666190,1,0,81,0,37
2026-07-15 18:04:00,300000,0,270000,0,2670690,1,0,81,0,42
2026-07-15 18:05:00,300000,0,270000,0,2675190,1,0,81,0,47
2026-07-15 18:06:00,300000,0,260450,7,2679531,0,0,81,0,52
2026-07-15 18:07:00,300000,0,237876,7,2683495,6,0,81,0,56
2026-07-15 18:08:00,300000,0,217259,3,2687116,6,0,81,0,60
2026-07-15 18:09:00,300000,0,198428,8,2690423,7,0,00,0,63
2026-07-15 18:10:00,300000,0,0,0,2690423,7,0,00,0,63
2026-07-15 18:11:00,300000,0,270000,0,2694923,7,0,17,0,63
2026-07-15 18:12:00,300000,0,270000,0,2699423,7,0,22,0,00
2026-07-15 18:13:00,300000,0,270000,0,2703923,7,0,26,0,00
2026-07-15 18:14:00,300000,0,270000,0,2708423,7,0,31,0,00
2026-07-15 18:15:00,300000,0,270000,0,2712923,7,0,36,0,00
2026-07-15 18:16:00,300000,0,270000,0,2717423,7,0,41,0,00
2026-07-15 18:17:00,300000,0,270000,0,2721923,7,0,46,0,00
2026-07-15 18:18:00,300000,0,266782,2,2726370,1,0,50,0,00
2026-07-15 18:19:00,300000,0,243659,4,2730431,1,0,55,0,00
2026-07-15 18:20:00,300000,0,222540,8,2734140,1,0,59,0,00
2026-07-15 18:21:00,300000,0,203252,5,2737527,6,0,62,0,00
2026-07-15 18:22:00,300000,0,185636,1,2740621,6,0,66,0,00
2026-07-15 18:23:00,300000,0,0,0,2740621,6,0,66,0,00
2026-07-15 18:24:00,300000,0,0,0,2740621,6,0,66,0,00
2026-07-15 18:25:00,300000,0,0,0,2740621,6,0,66,0,00
2026-07-15 18:26:00,300000,0,0,0,2740621,6,0,66,0,00
2026-07-15 18:27:00,300000,0,0,0,2740621,6,0,66,0,00
2026-07-15 18:28:00,300000,0,0,0,2740621,6,0,66,0,00
2026-07-15 18:29:00,300000,0,135000,0,2742871,6,0,66,0,15
2026-07-15 18:30:00,300000,0,135000,0,2745121,6,0,66,0,17
2026-07-15 18:31:00,300000,0,135000,0,2747371,6,0,66,0,20
2026-07-15 18:32:00,300000,0,135000,0,2749621,6,0,66,0,23
2026-07-15 18:33:00,300000,0,135000,0,2751871,6,0,66,0,26
2026-07-15 18:34:00,300000,0,135000,0,2754121,6,0,66,0,29
2026-07-15 18:35:00,300000,0,135000,0,2756371,6,0,66,0,32
2026-07-15 18:36:00,300000,0,131391,6,2758561,4,0,00,0,35
2026-07-15 18:37:00,300000,0,126414,6,2760668,3,0,00,0,38
2026-07-15 18:38:00,300000,0,121626,2,2762695,4,0,00,0,40
2026-07-15 18:39:00,300000,0,117019,1,2764645,7,0,00,0,43
2026-07-15 18:40:00,300000,0,112586,6,2766522,2,0,00,0,45
2026-07-15 18:41:00,300000,0,108321,9,2768327,6,0,00,0,48
2026-07-15 18:42:00,300000,0,104218,8,2770064,5,0,00,0,50
2026-07-15 18:43:00,300000,0,300000,0,2775064,5,0,16,0,52
2026-07-15 18:44:00,300000,0,300000,0,2780064,5,0,19,0,54
2026-07-15 18:45:00,300000,0,300000,0,2785064,5,0,23,0,56
2026-07-15 18:46:00,300000,0,270000,0,2789564,5,0,28,0,56
2026-07-15 18:47:00,300000,0,270000,0,2794064,5,0,33,0,56
2026-07-15 18:48:00,300000,0,270000,0,2798564,5,0,38,0,56
2026-07-15 18:49:00,300000,0,270000,0,2803064,5,0,42,0,56
2026-07-15 18:50:00,300000,0,270000,0,2807564,5,0,47,0,56
2026-07-15 18:51:00,300000,0,259548,3,2811890,3,0,52,0,00
2026-07-15 18:52:00,300000,0,237052,6,2815841,2,0,56,0,00
2026-07-15 18:53:00,300000,0,300000,0,2820841,2,0,59,0,15
2026-07-15 18:54:00,300000,0,300000,0,2825841,2,0,62,0,18
2026-07-15 18:55:00,300000,0,300000,0,2830841,2,0,64,0,20
2026-07-15 18:56:00,300000,0,300000,0,2835841,2,0,67,0,22
2026-07-15 18:57:00,300000,0,299840,1,2840838,5,0,70,0,25
2026-07-15 18:58:00,300000,0,281832,7,2845535,8,0,73,0,27
2026-07-15 18:59:00,300000,0,265155,5,2849955,0,0,75,0,29
2026-07-15 19:00:00,300000,0,249699,9,2854116,7,0,77,0,31
2026-07-15 19:01:00,300000,0,235366,4,2858039,5,0,79,0,33
2026-07-15 19:02:00,300000,0,222064,1,2861740,5,0,81,0,35
2026-07-15 19:03:00,300000,0,211421,3,2865264,2,0,83,0,37
2026-07-15 19:04:00,300000,0,202105,1,2868632,6,0,85,0,39
2026-07-15 19:05:00,300000,0,193258,4,2871853,6,0,86,0,41
2026-07-15 19:06:00,300000,0,106083,5,2873621,7,0,86,0,42
2026-07-15 19:07:00,300000,0,103018,8,2875338,6,0,00,0,44
2026-07-15 19:08:00,300000,0,100042,7,2877006,0,0,00,0,46
2026-07-15 19:09:00,300000,0,97152,6,2878625,2,0,00,0,47
2026-07-15 19:10:00,300000,0,94346,0,2880197,7,0,00,0,49
2026-07-15 19:11:00,300000,0,91620,4,2881724,7,0,00,0,51
2026-07-15 19:12:00,300000,0,89013,1,2883208,2,0,00,0,52
2026-07-15 19:13:00,300000,0,86540,5,2884650,6,0,00,0,54
2026-07-15 19:14:00,300000,0,84136,6,2886052,8,0,00,0,55
2026-07-15 19:15:00,300000,0,81799,5,2887416,2,0,00,0,56
2026-07-15 19:16:00,300000,0,79527,3,2888741,6,0,00,0,58
2026-07-15 19:17:00,300000,0,77318,2,2890030,3,0,00,0,59
2026-07-15 19:18:00,300000,0,75170,5,2891283,1,0,00,0,60
2026-07-15 19:19:00,300000,0,73082,4,2892501,1,0,00,0,61
2026-07-15 19:20:00,300000,0,71052,3,2893685,3,0,00,0,63
2026-07-15 19:21:00,300000,0,69078,6,2894836,7,0,00,0,64
2026-07-15 19:22:00,300000,0,67159,8,2895956,0,0,00,0,65
2026-07-15 19:23:00,300000,0,65294,2,2897044,2,0,00,0,66
2026-07-15 19:24:00,300000,0,300000,0,2902044,2,0,19,0,67
2026-07-15 19:25:00,300000,0,300000,0,2907044,2,0,24,0,68
2026-07-15 19:26:00,300000,0,300000,0,2912044,2,0,28,0,69
2026-07-15 19:27:00,300000,0,300000,0,2917044,2,0,32,0,70
2026-07-15 19:28:00,300000,0,300000,0,2922044,2,0,37,0,71
2026-07-15 19:29:00,300000,0,300000,0,2927044,2,0,41,0,72
2026-07-15 19:30:00,300000,0,300000,0,2932044,2,0,45,0,73
2026-07-15 19:31:00,300000,0,300000,0,2937044,2,0,50,0,74
2026-07-15 19:32:00,300000,0,297064,8,2941995,3,0,54,0,74
2026-07-15 19:33:00,300000,0,274301,6,2946567,0,0,58,0,75
2026-07-15 19:34:00,300000,0,47895,6,2947365,3,0,58,0,76
2026-07-15 19:35:00,300000,0,46565,2,2948141,3,0,58,0,77
2026-07-15 19:36:00,300000,0,45271,7,2948895,9,0,58,0,78
2026-07-15 19:37:00,300000,0,44014,2,2949629,4,0,58,0,78
2026-07-15 19:38:00,300000,0,42791,6,2950342,6,0,58,0,79
2026-07-15 19:39:00,300000,0,41602,9,2951036,0,0,58,0,80
2026-07-15 19:40:00,300000,0,40447,3,2951710,1,0,58,0,80
2026-07-15 19:41:00,300000,0,39391,4,2952366,7,0,58,0,81
2026-07-15 19:42:00,300000,0,38406,6,2953006,8,0,58,0,82
2026-07-15 19:43:00,300000,0,37446,4,2953630,9,0,58,0,82
2026-07-15 19:44:00,300000,0,36510,2,2954239,4,0,58,0,83
2026-07-15 19:45:00,300000,0,35597,5,2954832,7,0,58,0,84
2026-07-15 19:46:00,300000,0,34707,6,2955411,1,0,58,0,84
2026-07-15 19:47:00,300000,0,33839,9,2955975,1,0,58,0,85
2026-07-15 19:48:00,300000,0,32993,9,2956525,0,0,58,0,85
2026-07-15 19:49:00,300000,0,32169,0,2957061,2,0,00,0,86
2026-07-15 19:50:00,300000,0,31364,8,2957583,9,0,00,0,86
2026-07-15 19:51:00,300000,0,172580,7,2960460,3,0,16,0,87
2026-07-15 19:52:00,300000,0,171816,2,2963323,9,0,18,0,87
2026-07-15 19:53:00,300000,0,171070,8,2966175,0,0,21,0,88
2026-07-15 19:54:00,300000,0,168881,8,2968989,7,0,23,0,88
2026-07-15 19:55:00,300000,0,164113,2,2971725,0,0,25,0,89
2026-07-15 19:56:00,300000,0,159479,7,2974383,0,0,28,0,89
2026-07-15 19:57:00,300000,0,154977,3,2976965,9,0,30,0,90
2026-07-15 19:58:00,300000,0,150602,3,2979476,0,0,32,0,90
2026-07-15 19:59:00,300000,0,146351,2,2981915,1,0,34,0,90
2026-07-15 20:00:00,300000,0,142220,4,2984285,5,0,36,0,91
2026-07-15 20:01:00,300000,0,138206,5,2986588,9,0,38,0,91
2026-07-15 20:02:00,300000,0,134306,2,2988827,4,0,40,0,92
2026-07-15 20:03:00,300000,0,130516,2,2991002,6,0,41,0,92
2026-07-15 20:04:00,300000,0,126833,5,2993116,5,0,43,0,92
2026-07-15 20:05:00,300000,0,123255,0,2995170,8,0,45,0,93
2026-07-15 20:06:00,300000,0,119777,8,2997167,1,0,47,0,93
2026-07-15 20:07:00,300000,0,116398,9,2999107,0,0,48,0,93
2026-07-15 20:08:00,300000,0,113115,5,3000992,3,0,50,0,94
2026-07-15 20:09:00,300000,0,109925,1,3002824,4,0,51,0,94
2026-07-15 20:10:00,300000,0,106904,8,3004606,1,0,53,0,94
2026-07-15 20:11:00,300000,0,103987,7,3006339,3,0,54,0,95
2026-07-15 20:12:00,300000,0,101150,4,3008025,1,0,55,0,95
2026-07-15 20:13:00,300000,0,98390,6,3009664,9,0,57,0,95
2026-07-15 20:14:00,300000,0,95706,2,3011260,1,0,58,0,96
2026-07-15 20:15:00,300000,0,93095,1,3012811,6,0,59,0,96
2026-07-15 20:16:00,300000,0,90555,4,3014320,9,0,61,0,96
2026-07-15 20:17:00,300000,0,15833,1,3014584,8,0,00,0,96
2026-07-15 20:18:00,300000,0,15437,3,3014842,1,0,00,0,97
2026-07-15 20:19:00,300000,0,15051,4,3015092,9,0,00,0,97
2026-07-15 20:20:00,300000,0,14675,1,3015337,5,0,00,0,97
2026-07-15 20:21:00,300000,0,14308,2,3015576,0,0,00,0,97
2026-07-15 20:22:00,300000,0,13950,5,3015808,5,0,00,0,98
2026-07-15 20:23:00,300000,0,13601,7,3016035,2,0,00,0,98
2026-07-15 20:24:00,300000,0,148261,7,3018506,2,0,21,0,98
2026-07-15 20:25:00,300000,0,147930,2,3020971,7,0,24,0,98
2026-07-15 20:26:00,300000,0,147606,9,3023431,8,0,27,0,98
2026-07-15 20:27:00,300000,0,147291,7,3025886,7,0,30,0,99
2026-07-15 20:28:00,300000,0,146984,4,3028336,4,0,33,0,99
2026-07-15 20:29:00,300000,0,141628,7,3030696,9,0,36,0,99
2026-07-15 20:30:00,300000,0,136414,5,3032970,5,0,38,0,99
2026-07-15 20:31:00,300000,0,131394,0,3035160,4,0,41,0,99
2026-07-15 20:32:00,300000,0,126560,0,3037269,7,0,44,1,00
2026-07-15 20:33:00,300000,0,121905,5,3039301,5,0,46,1,00
2026-07-15 20:34:00,300000,0,117423,9,3041258,5,0,48,1,00
2026-07-15 20:35:00,300000,0,113108,6,3043143,7,0,50,1,00
2026-07-15 20:36:00,300000,0,99166,4,3044796,5,0,53,1,00
2026-07-15 20:37:00,300000,0,95410,1,3046386,6,0,55,0,00
2026-07-15 20:38:00,300000,0,91796,0,3047916,6,0,57,0,00
2026-07-15 20:39:00,300000,0,88318,9,3049388,5,0,59,0,00
2026-07-15 20:40:00,300000,0,84973,5,3050804,8,0,60,0,00
2026-07-15 20:41:00,300000,0,81754,8,3052167,3,0,62,0,00
2026-07-15 20:42:00,300000,0,78658,0,3053478,3,0,64,0,00
2026-07-15 20:43:00,300000,0,75678,6,3054739,6,0,66,0,00
2026-07-15 20:44:00,300000,0,207812,0,3058203,2,0,67,0,13
2026-07-15 20:45:00,300000,0,205053,9,3061620,7,0,69,0,16
2026-07-15 20:46:00,300000,0,202400,4,3064994,1,0,70,0,19
2026-07-15 20:47:00,300000,0,199883,7,3068325,5,0,71,0,22
2026-07-15 20:48:00,300000,0,198011,1,3071625,6,0,73,0,25
2026-07-15 20:49:00,300000,0,196192,6,3074895,5,0,74,0,28
2026-07-15 20:50:00,300000,0,194426,6,3078136,0,0,75,0,31
2026-07-15 20:51:00,300000,0,190957,1,3081318,6,0,77,0,34
2026-07-15 20:52:00,300000,0,184244,3,3084389,3,0,78,0,37
2026-07-15 20:53:00,300000,0,177770,8,3087352,2,0,79,0,39
2026-07-15 20:54:00,300000,0,171528,0,3090211,0,0,80,0,42
2026-07-15 20:55:00,300000,0,165507,4,3092969,4,0,81,0,44
2026-07-15 20:56:00,300000,0,159701,1,3095631,1,0,82,0,47
2026-07-15 20:57:00,300000,0,154101,4,3098199,5,0,83,0,49
2026-07-15 20:58:00,300000,0,148700,9,3100677,8,0,85,0,51
2026-07-15 20:59:00,300000,0,143492,3,3103069,4,0,85,0,53
2026-07-15 21:00:00,300000,0,138468,8,3105377,2,0,86,0,55
2026-07-15 21:01:00,300000,0,133623,6,3107604,2,0,87,0,57
2026-07-15 21:02:00,300000,0,128950,5,3109753,4,0,88,0,59
2026-07-15 21:03:00,300000,0,124443,1,3111827,5,0,89,0,61
2026-07-15 21:04:00,300000,0,120095,6,3113829,0,0,90,0,63
2026-07-15 21:05:00,300000,0,115902,3,3115760,8,0,91,0,64
2026-07-15 21:06:00,300000,0,111857,4,3117625,0,0,92,0,66
2026-07-15 21:07:00,300000,0,36122,0,3118227,1,0,92,0,66
2026-07-15 21:08:00,300000,0,35079,5,3118811,7,0,93,0,66
2026-07-15 21:09:00,300000,0,34067,1,3119379,5,0,94,0,66
2026-07-15 21:10:00,300000,0,33084,0,3119930,9,0,95,0,66
2026-07-15 21:11:00,300000,0,32129,2,3120466,4,0,95,0,66
2026-07-15 21:12:00,300000,0,31201,9,3120986,4,0,96,0,00
2026-07-15 21:13:00,300000,0,30301,4,3121491,5,0,97,0,00
2026-07-15 21:14:00,300000,0,29426,9,3121981,9,0,97,0,00
2026-07-15 21:15:00,300000,0,28577,7,3122458,2,0,98,0,00
2026-07-15 21:16:00,300000,0,27752,9,3122920,8,0,99,0,00
2026-07-15 21:17:00,300000,0,26952,0,3123370,0,0,99,0,00
2026-07-15 21:18:00,300000,0,26174,1,3123806,2,1,00,0,00
2026-07-15 21:19:00,300000,0,25418,7,3124229,8,1,00,0,00
2026-07-15 21:20:00,300000,0,0,0,3124229,8,1,00,0,00
2026-07-15 21:21:00,300000,0,0,0,3124229,8,1,00,0,00
2026-07-15 21:22:00,300000,0,0,0,3124229,8,1,00,0,00
2026-07-15 21:23:00,300000,0,250000,0,3128396,5,1,00,0,18
2026-07-15 21:24:00,300000,0,250000,0,3132563,2,0,00,0,24
2026-07-15 21:25:00,300000,0,250000,0,3136729,8,0,00,0,29
2026-07-15 21:26:00,300000,0,250000,0,3140896,5,0,00,0,34
2026-07-15 21:27:00,300000,0,229304,6,3144718,2,0,00,0,39
2026-07-15 21:28:00,300000,0,206439,4,3148158,9,0,00,0,44
2026-07-15 21:29:00,300000,0,185854,3,3151256,5,0,00,0,48
2026-07-15 21:30:00,300000,0,167321,8,3154045,2,0,00,0,51
2026-07-15 21:31:00,300000,0,150637,3,3156555,8,0,00,0,55
2026-07-15 21:32:00,300000,0,135616,5,3158816,1,0,00,0,57
2026-07-15 21:33:00,300000,0,122093,5,3160851,0,0,00,0,60
2026-07-15 21:34:00,300000,0,109956,6,3162683,6,0,00,0,62
2026-07-15 21:35:00,300000,0,104082,8,3164418,3,0,00,0,65
2026-07-15 21:36:00,300000,0,233522,8,3168310,3,0,12,0,67
2026-07-15 21:37:00,300000,0,228259,9,3172114,7,0,15,0,69
2026-07-15 21:38:00,300000,0,223278,0,3175836,0,0,17,0,71
2026-07-15 21:39:00,300000,0,135000,0,3178086,0,0,20,0,71
2026-07-15 21:40:00,300000,0,135000,0,3180336,0,0,23,0,71
2026-07-15 21:41:00,300000,0,135000,0,3182586,0,0,26,0,71
2026-07-15 21:42:00,300000,0,135000,0,3184836,0,0,29,0,71
2026-07-15 21:43:00,300000,0,135000,0,3187086,0,0,32,0,71
2026-07-15 21:44:00,300000,0,131314,1,3189274,5,0,35,0,71
2026-07-15 21:45:00,300000,0,126340,0,3191380,2,0,38,0,71
2026-07-15 21:46:00,300000,0,121554,4,3193406,1,0,40,0,71
2026-07-15 21:47:00,300000,0,116950,1,3195355,3,0,43,0,71
2026-07-15 21:48:00,300000,0,112520,2,3197230,6,0,45,0,71
2026-07-15 21:49:00,300000,0,108258,0,3199034,9,0,48,0,71
2026-07-15 21:50:00,300000,0,104157,4,3200770,9,0,50,0,71
2026-07-15 21:51:00,300000,0,100212,0,3202441,1,0,52,0,71
2026-07-15 21:52:00,300000,0,96416,1,3204048,0,0,54,0,71
2026-07-15 21:53:00,300000,0,92764,0,3205594,1,0,56,0,71
2026-07-15 21:54:00,300000,0,89250,2,3207081,6,0,58,0,71
2026-07-15 21:55:00,300000,0,85869,5,3208512,7,0,60,0,71
2026-07-15 21:56:00,300000,0,82616,9,3209889,7,0,62,0,71
2026-07-15 21:57:00,300000,0,79487,4,3211214,5,0,63,0,71
2026-07-15 21:58:00,300000,0,76476,6,3212489,1,0,65,0,71
2026-07-15 21:59:00,300000,0,73579,7,3213715,4,0,67,0,71
2026-07-15 22:00:00,300000,0,70792,6,3214895,3,0,68,0,71
2026-07-15 22:01:00,300000,0,68111,1,3216030,5,0,70,0,71
2026-07-15 22:02:00,300000,0,65531,1,3217122,6,0,71,0,00
2026-07-15 22:03:00,300000,0,63513,4,3218181,2,0,72,0,00
2026-07-15 22:04:00,300000,0,61680,4,3219209,2,0,74,0,00
2026-07-15 22:05:00,300000,0,59900,3,3220207,6,0,75,0,00
2026-07-15 22:06:00,300000,0,58171,6,3221177,1,0,76,0,00
2026-07-15 22:07:00,300000,0,56492,8,3222118,6,0,78,0,00
2026-07-15 22:08:00,300000,0,54862,4,3223033,0,0,79,0,00
2026-07-15 22:09:00,300000,0,53279,0,3223921,0,0,80,0,00
2026-07-15 22:10:00,300000,0,51741,4,3224783,3,0,81,0,00
2026-07-15 22:11:00,300000,0,50248,2,3225620,8,0,82,0,00
2026-07-15 22:12:00,300000,0,48798,0,3226434,1,0,83,0,00
2026-07-15 22:13:00,300000,0,182389,7,3229473,9,0,84,0,23
2026-07-15 22:14:00,300000,0,181022,0,3232491,0,0,85,0,26
2026-07-15 22:15:00,300000,0,179693,8,3235485,9,0,86,0,29
2026-07-15 22:16:00,300000,0,178404,0,3238459,3,0,87,0,32
2026-07-15 22:17:00,300000,0,174197,3,3241362,6,0,88,0,35
2026-07-15 22:18:00,300000,0,167979,0,3244162,2,0,89,0,37
2026-07-15 22:19:00,300000,0,161985,4,3246862,0,0,90,0,40
2026-07-15 22:20:00,300000,0,156208,1,3249465,4,0,91,0,42
2026-07-15 22:21:00,300000,0,150639,3,3251976,1,0,91,0,45
2026-07-15 22:22:00,300000,0,145271,4,3254397,3,0,92,0,47
2026-07-15 22:23:00,300000,0,140097,1,3256732,2,0,93,0,50
2026-07-15 22:24:00,300000,0,135109,3,3258984,0,0,94,0,52
2026-07-15 22:25:00,300000,0,130301,2,3261155,7,0,94,0,54
2026-07-15 22:26:00,300000,0,125666,3,3263250,2,0,95,0,56
2026-07-15 22:27:00,300000,0,0,0,3263250,2,0,95,0,56
2026-07-15 22:28:00,300000,0,0,0,3263250,2,0,00,0,56
2026-07-15 22:29:00,300000,0,0,0,3263250,2,0,00,0,56
2026-07-15 22:30:00,300000,0,0,0,3263250,2,0,00,0,56
2026-07-15 22:31:00,300000,0,0,0,3263250,2,0,00,0,00
2026-07-15 22:32:00,300000,0,0,0,3263250,2,0,00,0,00
2026-07-15 22:33:00,300000,0,0,0,3263250,2,0,00,0,00
2026-07-15 22:34:00,300000,0,0,0,3263250,2,0,00,0,00
2026-07-15 22:35:00,300000,0,0,0,3263250,2,0,00,0,00
2026-07-15 22:36:00,300000,0,142000,0,3265616,8,0,00,0,12
2026-07-15 22:37:00,300000,0,300000,0,3270616,8,0,15,0,15
2026-07-15 22:38:00,300000,0,300000,0,3275616,8,0,18,0,17
2026-07-15 22:39:00,300000,0,300000,0,3280616,8,0,21,0,20
2026-07-15 22:40:00,300000,0,300000,0,3285616,8,0,25,0,22
2026-07-15 22:41:00,300000,0,300000,0,3290616,8,0,28,0,24
2026-07-15 22:42:00,300000,0,300000,0,3295616,8,0,32,0,27
2026-07-15 22:43:00,300000,0,300000,0,3300616,8,0,35,0,29
2026-07-15 22:44:00,300000,0,300000,0,3305616,8,0,39,0,31
2026-07-15 22:45:00,300000,0,300000,0,3310616,8,0,43,0,33
2026-07-15 22:46:00,300000,0,300000,0,3315616,8,0,47,0,35
2026-07-15 22:47:00,300000,0,288524,6,3320425,6,0,50,0,37
2026-07-15 22:48:00,300000,0,267988,5,3324892,1,0,54,0,39
2026-07-15 22:49:00,300000,0,249262,2,3329046,4,0,57,0,40
2026-07-15 22:50:00,300000,0,232172,2,3332916,0,0,59,0,42
2026-07-15 22:51:00,300000,0,216562,1,3336525,3,0,62,0,44
2026-07-15 22:52:00,300000,0,206059,4,3339959,7,0,64,0,46
2026-07-15 22:53:00,300000,0,197514,9,3343251,6,0,66,0,47
2026-07-15 22:54:00,300000,0,189355,7,3346407,5,0,68,0,49
2026-07-15 22:55:00,300000,0,181563,3,3349433,6,0,70,0,50
2026-07-15 22:56:00,300000,0,174147,1,3352336,0,0,72,0,52
2026-07-15 22:57:00,300000,0,167134,7,3355121,6,0,74,0,53
2026-07-15 22:58:00,300000,0,160433,4,3357795,5,0,75,0,55
2026-07-15 22:59:00,300000,0,154028,1,3360362,6,0,77,0,56
2026-07-15 23:00:00,300000,0,68098,7,3361497,6,0,78,0,56
2026-07-15 23:01:00,300000,0,64460,9,3362571,9,0,80,0,56
2026-07-15 23:02:00,300000,0,61017,5,3363588,9,0,81,0,56
2026-07-15 23:03:00,300000,0,58206,4,3364559,0,0,82,0,56
2026-07-15 23:04:00,300000,0,55718,9,3365487,6,0,83,0,56
2026-07-15 23:05:00,300000,0,53337,8,3366376,6,0,84,0,56
2026-07-15 23:06:00,300000,0,51058,4,3367227,6,0,86,0,56
2026-07-15 23:07:00,300000,0,0,0,3367227,6,0,00,0,56
2026-07-15 23:08:00,300000,0,0,0,3367227,6,0,00,0,56
2026-07-15 23:09:00,300000,0,0,0,3367227,6,0,00,0,56
2026-07-15 23:10:00,300000,0,0,0,3367227,6,0,00,0,00
2026-07-15 23:11:00,300000,0,142000,0,3369594,2,0,20,0,00
2026-07-15 23:12:00,300000,0,142000,0,3371960,9,0,22,0,00
2026-07-15 23:13:00,300000,0,280673,9,3376638,8,0,24,0,18
2026-07-15 23:14:00,300000,0,276667,8,3381249,9,0,26,0,20
2026-07-15 23:15:00,300000,0,272603,3,3385793,3,0,29,0,22
2026-07-15 23:16:00,300000,0,264728,1,3390205,5,0,31,0,25
2026-07-15 23:17:00,300000,0,257080,4,3394490,1,0,33,0,27
2026-07-15 23:18:00,300000,0,249653,6,3398651,0,0,35,0,29
2026-07-15 23:19:00,300000,0,242441,4,3402691,7,0,37,0,31
2026-07-15 23:20:00,300000,0,235437,5,3406615,7,0,39,0,33
2026-07-15 23:21:00,300000,0,228636,0,3410426,3,0,40,0,35
2026-07-15 23:22:00,300000,0,222031,0,3414126,8,0,42,0,37
2026-07-15 23:23:00,300000,0,215616,7,3417720,4,0,44,0,39
2026-07-15 23:24:00,300000,0,209387,8,3421210,2,0,46,0,41
2026-07-15 23:25:00,300000,0,203338,8,3424599,2,0,47,0,43
2026-07-15 23:26:00,300000,0,197464,6,3427890,3,0,49,0,44
2026-07-15 23:27:00,300000,0,191760,1,3431086,3,0,50,0,46
2026-07-15 23:28:00,300000,0,186245,8,3434190,4,0,52,0,48
2026-07-15 23:29:00,300000,0,180964,7,3437206,4,0,53,0,49
2026-07-15 23:30:00,300000,0,175833,4,3440137,0,0,55,0,51
2026-07-15 23:31:00,300000,0,170896,5,3442985,3,0,56,0,52
2026-07-15 23:32:00,300000,0,86310,4,3444423,8,0,56,0,54
2026-07-15 23:33:00,300000,0,83912,9,3445822,3,0,56,0,55
2026-07-15 23:34:00,300000,0,81582,0,3447182,0,0,56,0,56
2026-07-15 23:35:00,300000,0,79315,9,3448504,0,0,56,0,58
2026-07-15 23:36:00,300000,0,77112,6,3449789,2,0,56,0,59
2026-07-15 23:37:00,300000,0,74970,6,3451038,7,0,56,0,60
2026-07-15 23:38:00,300000,0,72888,1,3452253,5,0,56,0,61
2026-07-15 23:39:00,300000,0,70863,4,3453434,5,0,56,0,63
2026-07-15 23:40:00,300000,0,68895,0,3454582,8,0,56,0,64
2026-07-15 23:41:00,300000,0,66981,3,3455699,1,0,56,0,65
2026-07-15 23:42:00,300000,0,65120,7,3456784,5,0,56,0,66
2026-07-15 23:43:00,300000,0,63311,8,3457839,7,0,56,0,67
2026-07-15 23:44:00,300000,0,61553,1,3458865,6,0,56,0,68
2026-07-15 23:45:00,300000,0,59843,3,3459863,0,0,00,0,69
2026-07-15 23:46:00,300000,0,58181,0,3460832,6,0,00,0,70
2026-07-15 23:47:00,300000,0,56564,8,3461775,4,0,00,0,71
2026-07-15 23:48:00,300000,0,54993,6,3462691,9,0,00,0,72
2026-07-15 23:49:00,300000,0,53466,0,3463583,0,0,00,0,73
2026-07-15 23:50:00,300000,0,51980,8,3464449,4,0,00,0,74
2026-07-15 23:51:00,300000,0,50536,9,3465291,7,0,00,0,75
2026-07-15 23:52:00,300000,0,49133,1,3466110,6,0,00,0,75
2026-07-15 23:53:00,300000,0,47768,3,3466906,7,0,00,0,76
2026-07-15 23:54:00,300000,0,46441,4,3467680,7,0,00,0,77
2026-07-15 23:55:00,300000,0,45151,4,3468433,2,0,00,0,78
2026-07-15 23:56:00,300000,0,43897,2,3469164,9,0,00,0,78
2026-07-15 23:57:00,300000,0,42677,8,3469876,2,0,00,0,79
2026-07-15 23:58:00,300000,0,41492,3,3470567,7,0,00,0,80
2026-07-15 23:59:00,300000,0,40339,7,3471240,0,0,00,0,80
2026-07-16 00:00:00,300000,0,39297,3,3471895,0,0,00,0,81
